Nombre Empresa,Descripción,Región,Categoría,URL
NORTH CLOTHES CHILE,Seguridad,XV,,www.northclothes.cl
ABC CHILE INGENIERIA Y GEOTECNIA,Gestion,I,,www.abcchile.com
ASOCIACION DE INDUSTRIALES DE IQUIQUE Y EL TAMARUGAL,Representante,I,,www.industriales.cl
BAILAC THOR SAAN LTDA.,Mantenimiento,I,,www.bailac.com
BIMPAC,?????,I,,www.bimpac.com
BRM CONSULTORES,Publicidad,I,,www.brmconsultores.cl
BRUENING S.A.,?????,I,,https://www.linkedin.com/company/bruening-s-a-/jobs/
CENTRO FERRETERO LONZA,Insumos,I,,www.lonza.cl
"DQS, DETROIT QUICK SERVICES LTDA.",Mantenimiento,I,,www.dqs.cl
EMPRESAS HC,,I,,www.empresashc.cl
FITTING CHILE,Repuestos,I,,www.fittingchile.com
GREKAD MET LTDA.,Desechos,I,,www.grekadmet.cl
GRUAS VARGAS,Izaje,I,,www.gruasvargas.cl
GYG THOMAS LTDA.,Insumos,I,,www.gygthomas.cl
INDUSTRIA DE PLASTICOS ANDES DRIP LTDA.,Maquinaria,I,,www.andesdrip.com
LE PASCUI INDUSTRIAL,Insumos,I,,www.lepascui.cl
MECAPRES,?????,I,,www.mecapres.cl
Minera punta de lobos,MINA KAINITA,I,,https://www.linkedin.com/company/sociedad-punta-de-lobos
NEPTUNO PUMPS,Maquinaria,I,,www.neptunopumps.com
NORTECNICA,Maquinaria,I,,www.nortecnica.cl
TODO IZAJE,Izaje,I,,https://www.linkedin.com/company/todoizaje/jobs/
AKSIOM TECNOLOGIA Y ALTURA,Insumos,II,,www.aksiom.cl
ALFA MINE,Maquinaria,II,,www.alfamine.cl
ARTIMATEMB LTDA.,,II,,www.artimatemb.cl
ASAP INGENIERIA LTDA.,Gestion,II,,www.asaping.cl
ASCORP,Publicidad,II,,www.ascorp.cl
ATAMOSTEC,,II,,www.atamostec.cl
ATI – ANTOFAGASTA TERMINAL INTERNACIONAL,Transporte,II,,www.atiport.cl
CASINOS RIVER LTDA.,Habitad,II,,www.casinosriver.cl
CEIM LTDA. – CERTIFICACIONES Y SERVICIOS,Educacion,II,,www.ceim.cl
CHARLES WALL Y CIA.,Maquinaria,II,,https://www.linkedin.com/company/charles-wall-y-cia-ltda/jobs/
CICITEM,Investigacion,II,,https://www.linkedin.com/company/cicitemchile/jobs/
CIVELEC LTDA.,Maquinaria,II,,www.civelec.cl
CLUSTER CENTRO DE CAPACITACION SPA,Educacion,II,,www.clustercapacitacion.com
CML LTDA.,Repuestos,II,,www.cml-latin.cl
CMS CONDITION MONITORING SOLUTIONS,Educacion,II,,www.cmsonline.cl
COMERCIAL SAN ANDRES LTDA.,Insumos,II,,www.comsaltda.com
COMERCIAL SINSEF LTDA.,?????,II,,www.sinsef.cl
CONELEC LTDA.,Maquinaria,II,,www.conelec.cl
CONSORCIO DEVELP VESPUCIO SPA,Gestion,II,,www.isdevelp.cl
COPROMAN LTDA.,Mantenimiento,II,,www.coproman.cl
CRAMSA,Habitad,II,,https://www.linkedin.com/company/cramsa-cl/jobs/
DEL PINO INGENIEROS LTDA.,Gestion,II,,https://www.linkedin.com/company/del-pino-ingenieros/jobs/
DIESELMINE LTDA.,Insumos,II,,www.dieselmine.cl
DIGITAL MINNING (DM),Gestion,II,,www.digitalminning.cl
DIPROFIRE CHILE,Seguridad,II,,www.diprofire.cl
DIPROSEG LTDA.,Seguridad,II,,www.diproseg.cl
DUHOVIT INGENIERIA,Gestion,II,,https://www.linkedin.com/company/duhovit/jobs/
EFIS LTDA.,Desechos,II,,www.efislimitada.com
EMSIPOR LTDA.,,II,,www.emsipor.cl
EQUIPALAB EQUIPAMIENTO MINERO,Insumos,II,,www.equipalab.cl
"ESCUELA DE NEGOCIOS MINEROS, UNIVERSIDAD CATOLICA DEL NORTE",Educacion,II,,www.enm.ucn.cl
FERNORTE INDUSTRIAL LTDA.,Insumos,II,,www.fernorte.cl
FLANDERS ELECTRIC CHILE SPA,Maquinaria,II,,www.flandersinc.com
FLEXAR INDUSTRIAL,Insumos,II,,www.flexar.cl
FLEXSEAL,Maquinaria,II,,www.flexseal.cl
FLUID SUPPLY SPA,,II,,www.fluid-supply.com
FORESERVICES SPA,,II,,www.foreservices.cl
FRIO LOA LTDA.,,II,,www.frioloa.cl
FUELLES.COM,,II,,www.fuelles.com
FUKUSHI SPA,,II,,www.fukushi.cl
FUNDACION SAGUARO,,II,,www.saguaro.cl
GACEMA,,II,,www.gacemaotec.cl
GEOIT CHILE,,II,,www.geoit.cl
GEOLIDAR SPA,,II,,www.geo-lidar.com
GLAUBEN ECOLOGY,,II,,www.glauben-ecology.cl
GMT INGENIERIA,,II,,www.gmtingenieria.com
GPS S.A.,,II,,www.gpssa.cl
GREAT PROCESS LTDA.,,II,,www.gprocess.cl
GUAYACAN SOLUTIONS -MYRIAM SYSTEM,,II,,www.myriam.app
GUIÑEZ INGENIERIA LTDA.,,II,,www.guinezingenieria.cl
HANDS CHILE LTDA.,,II,,www.handschile.cl
HIDROMEC RENTA EQUIPOS SPA,,II,,www.hidromec.cl
"IMSS, INTI MINING SMART SOLUTIONS",,II,,www.imss-consultores.com
INGELCO S.A.,,II,,www.ingelco.cl
INNOVATRONIC,,II,,www.innovatronic.cl
INPPA RADIADORES,,II,,www.inpparadiadores.cl
INPPAMET S.A.,,II,,www.inppamet.cl
INSERCOMP SPA,,II,,www.insercomp.cl
INTERSALES LTDA.,,II,,www.intersales.cl
ISANTO,,II,,www.isanto.cl
ISPROTEC SPA,,II,,www.isprotec.cl
K Y F SEGURIDAD INDUSTRIAL,,II,,www.kyfseguridad.cl
KAL TIRE S.A.,,II,,www.kaltire.cl
L & H SERVICIOS INDUSTRIALES CHILE LTDA.,,II,,www.lhchile.net
L & M INDUSTRIAL RADIATOR INC.,,II,,www.mesabi.com
L&H INDUSTRIAL,,II,,www.lnh.net
LABOBLAST LTDA.,,II,,www.laboblast.cl
LIBCAR SPA,,II,,www.libcar.cl
LIMFOSEP S.A.,,II,,www.limfosep.cl
LORBRAND S.A.,,II,,www.lorbrand.com
MABET GROUP LTDA.,,II,,www.mabet.cl
MAESTRANZA GORDILLO SAC,,II,,www.gordillo.cl
MAESTRANZA VEAS LTDA.,,II,,www.empresasveas.cl
MANLIM SERVICIOS INTEGRALES SPA,,II,,www.manlimspa.com
MC ENERGY CHILE,,II,,www.mcenergy.cl
MEINTEK,,II,,www.meintek.com
MEMCORT SPA,,II,,www.memcort.cl
MERCADO LOGISTICO,,II,,www.mercadologistico.cl
MESABI,,II,,www.mesabi.com
METASERVICE,,II,,www.metaservice.cl
MINECOMCAL CHILE LTDA.,,II,,www.minecomcalchile.cl
MOLYB,,II,,www.molyb.cl
MONTANARES Y CRUZ ARRIENDOS LTDA.,,II,,www.montanaresycruz.cl
NANO BALCONY SPA,,II,,www.electrosmogchile.cl
NANO2 CHILE,,II,,www.nano2chile.cl
NICOLAIDES TRATAMIENTO DE AGUAS S.A.,,II,,www.nicolaides.cl
NILOS LATIN AMERICA LTDA.,,II,,www.niloslatam.com
NORTE SUSTENTABLE,,II,,www.nortesustentable.com
NORTE TECNICA CHILE LTDA.,,II,,www.nortetecnica.cl
NORTH TOOLS LTDA.,,II,,www.ntl.cl
NORTHTEK INGENIERIA,,II,,www.northtek.cl
OICOMP,,II,,www.oicomp.cl
PIEDRAS JUNTAS,,II,,www.piedrasjuntas.com
PIGNUS,,II,,www.pignus.cl
PINTURACENTRO YAPUR,,II,,www.yapur.cl
PROYECTOS Y TECNOLOGIAS LTDA.,,II,,www.pytltda.cl
PUERTO ANTOFAGASTA,,II,,www.anfport.cl
PUERTO DE MEJILLONES,,II,,www.puertomejillones.cl
R & C REPRESENTACIONES,,II,,www.rycrep.cl
RADIADORES GOMEZ,,II,,www.rgomez.cl
RECAUCHAJES RENOVA CHILE,,II,,www.recauchajerenovachile.com
RECIMAT LTDA.,,II,,www.recimat.cl
REDIMIR NORTE,,II,,www.redimirchile.cl
REDLOG SPA,,II,,www.redlog.cl
REFORGLASS,,II,,www.reforglass.cl
REPAIRCO LTDA.,,II,,www.repairco.cl
RIOGLASS SOLAR CHILE,,II,,www.rioglass.com
ROBOTIKA MINING INNOVATIONS,,II,,www.robotika.cl
RUDANAC BIOTEC SPA,,II,,www.rudanacbiotec.com
SANITY SERVICIOS,,II,,www.sanityservicios.cl
SCM FRANKE,MINA FRANKE,II,,https://cl.linkedin.com/company/minera-las-cenizas-s-a-
SERCOL,,II,,www.sercol.cl
SICEP,,II,,www.sicep.cl
SILLAS FUENTES SPA,,II,,www.sillasfuentes.cl
SOCIEDAD DIESEL O.M.T. LTDA.,,II,,www.dieselomt.cl
SOMTI,,II,,www.somti.cl
STN MINERIA,,II,,https://stnmineria.cl/
SUPPLYNOR CHILE LTDA.,,II,,www.supplynor.cl
T-LOWS SERVICES SPA,,II,,www.t-lows.com
TECIC SPA,,II,,www.tecic.cl
TECNOMEDICA,,II,,www.tecnomedicachile.cl
TECTRAMIN,,II,,www.tectramin.com
TESRA S.A.,,II,,www.tesra.cl
TRACK RAIL SPA,,II,,www.trackrail.cl
TRANSITMAR LTDA.,,II,,www.transitmar.cl
TRANSPORTES PULLMAN YURI’S,,II,,www.pullmanyuris.cl
TRANSVIBA,,II,,www.transviba.cl
TRX TELECOM,,II,,www.trxtelecom.cl
TTPM S.A.,,II,,www.ttpm.cl
V&V CERTIFICACIONES LTDA.,,II,,www.vyvcertificaciones.com
VACUNATORIO INMUNIN,,II,,www.inmunin.cl
VALMET S.A.,,II,,www.valmet.com
VMS CHILE S.A.,,II,,www.vms.cl
WORLD CLASS MININIG SERVICES,,II,,www.worldclassms.cl
WORLDFINE,,II,,www.worldfine.cl
ALTAMIRA CONSULTORES LTDA.,,III,,www.altamiraltda.cl
ARPA MONTAJES S.A.,,III,,www.arpamontajes.cl
DIMA EXPRESS LTDA.,,III,,www.dimaexpress.cl
IISO SPA,,III,,www.iiso.cl
IMOPAC,,III,,www.imopac.cl
INGECOP SPA,,III,,www.ingecopspa.cl
MCM LTDA.,,III,,www.mcmltda.cl
PROEXITO,,III,,www.proexito.cl
ROPA FYL,,III,,www.ropafyl.cl
BIO POLLUX SPA,Seguridad,IV,,www.biopollux.cl
CRC LTDA.,Repuestos,IV,,https://www.crcltda.cl/
DIMAQUIN,Laboratorio,IV,,www.dimaquin.cl
DRILLING SERVICES & SOLUTIONS,Sondajes?,IV,,www.dsschile.com
DV DRILLING E.I.R.L.,Sondajes,IV,,www.dvdrilling.cl
FALCON SPA,Publicidad,IV,,www.falconspa.cl
FUNDACION CEDUC – UCN,Educacion,IV,,www.ceduc.cl
GEOSUPPLY,Sondajes,IV,,www.geosupply.cl
HIDROMFD COPIAPO S.A.,,IV,,www.hidromfd.cl
MASERVI S.A.,Mantenimiento,IV,,www.maservi.cl
MINING MAQ,Varios,IV,,www.miningmaq.cl
Montajes insdustriales Llanquitruf,Montaje,IV,,https://www.millmontajes.cl/
PACIFICTEK,Construccion,IV,,www.pacifictek.cl
PREMIUM INGENIEROS SPA,Gestion,IV,,www.premiumingenieros.cl
QUIMECO,,IV,,www.quimeco.cl
SUBSEA ENGINEERING LTDA.,,IV,,www.subsea.cl
Servicio Integral a la Minería,Mantenimiento,IV,,https://simsalamanca.cl/
TECMADUR LTDA.,Repuestos,IV,,www.tecmadur.com
VIGIL LTDA.,Seguridad,IV,,www.vigilltda.cl
AMERIS,,V,,www.ameris.net
ARAMIS LTDA.,,V,,www.aramisltda.cl
BUSES JM,,V,,www.busesjm.cl
CIDELTA INGENIERIA,,V,,www.cidelta.cl
DEPARTAMENTO DE INDUSTRIAS – UNIVERSIDAD TECNICA FEDERICO SANTA MARIA,,V,,www.industrias.usm.cl
DOS20,,V,,www.dos20.cl
EQIIP LTDA.,,V,,www.eqiip.cl
ESCUELA DE INGENIERIA MECANICA PUCV,,V,,mecanica.pucv.cl
ETT TRANSFERENCIA DE TECNOLOGIAS,,V,,www.ett-web.com
F & L LTDA.,,V,,www.fylingenieria.cl
FAIWOOD Y CIA. LTDA.,,V,,www.faiwood.cl
FAYMEX SPA,,V,,www.faymex.cl
FESANCO SPA,,V,,www.fesanco.cl
FF GEOMECHANICS INGENIERIA LTDA.,,V,,www.ffgeomechanics.com
G. BUSCH Y CIA. LTDA.,,V,,www.gbusch.cl
GEORUSTON SPA,,V,,www.georuston.cl
GEOTECNIA AMBIENTAL LTDA.,,V,,www.geotecniaambiental.cl
GSI INGENIEROS CONSULTORES LTDA.,,V,,www.gsi.cl
HEITMANN INGENIERIA,,V,,www.heitmann.cl
HEMPEL,,V,,www.hempel.com
HIGH DRONE CHILE,,V,,www.highdronechile.cl
IDEA BLAST CHILE SPA,,V,,www.ideablast.cl
IMHP SUDAMERICANA,,V,,www.imhp.es
INDEMIN S.A.,,V,,www.indemin.cl
INGENIERIA Y SERVICIOS RMC LTDA.,,V,,www.rmc.cl
INNING GROUP,,V,,www.inninggroup.cl
INNOVA INGENIERIA LTDA.,,V,,www.inning.cl
INVERSIONES Y SERVICIOS DS GROUP LTDA.,,V,,www.divingservice.cl
ITECHMAINT,,V,,www.itechmaint.com
JENIKE & JOHANSON CHILE S.A.,,V,,www.jenike.com
KAPPTEK,,V,,www.kapptek.com
KONNX ELECTRICA LTDA.,,V,,www.konnx.net
MAGISTER EN GESTION DE ACTIVOS Y MANTENIMIENTO – UNIVERSIDAD SANTA MARIA,,V,,www.mga.usm.cl
MAPTEK COMPUTACION CHILE LTDA.,,V,,www.maptek.cl
MARPRO CHILE,,V,,www.marpro.cl
MINPROCAD LTDA.,,V,,www.minprocad.cl
OUTRUST INTEGRITY SPA,,V,,www.outrustintegrity.cl
PACKEM CHILE SPA,,V,,www.packem.com.br
PAH SPA,,V,,www.pah.cl
PELEON,,V,,www.uniforms-peleon.com
POCUNO INDUSTRI TEKNISKA,,V,,www.pocuno.cl
PROSEAL,,V,,www.proseal.cl
QUEMPIN SPA,,V,,www.quempin.cl
QUINTIL VALLEY,,V,,www.quintilvalley.cl
RAIEN INGENIERIA Y SISTEMAS LTDA.,,V,,www.raien.cl
RAMEK S.A.,,V,,www.ramek.cl
REME SERVICIOS MINEROS,,V,,www.remespa.cl
RHONA S.A.,,V,,www.rhona.cl
RMC ENGINEERING SOLUTIONS,,V,,www.rmc.cl
SAIMIC LTDA.,,V,,www.saimic.cl
SEIN LTDA.,,V,,www.seinltda.cl
SIGMA TELECOM LTDA.,,V,,www.sigma-telecom.com
SOLDESP,,V,,www.soldesp.cl
SOTRAFA – GEOSYNTHETICS DIVISION,,V,,www.sotrafageo.com
SOWITEC ENERGIAS RENOVABLES DE CHILE,,V,,www.sowitec.com
TECNOELECTRICA VALPARAISO S.A.,,V,,www.tecnoelectrica.cl
TECNOFIBER S.A.I.C.,,V,,www.tecnofiber.cl
TECNORED S.A.,,V,,www.tecnored.cl
TERQUIM,,V,,www.terquim.cl
TERRA REMOTE SENSING LTDA.,,V,,www.terraremote.cl
TOPOLAND INGENIERIA Y CIA. LTDA.,,V,,www.topoland.cl
TRANSPORTES ARTISA,,V,,www.transportesartisa.cl
TRANSVIDAL,,V,,www.transvidal.cl
TUXPAN SOFTWARE S.A.,,V,,www.tuxpan.com
VIMARC ENERGIA SPA.,,V,,www.vime.cl
350RENEWABLES,,RM,,www.350renewables.com
3M CHILE S.A.,,RM,,www.3mchile.cl
4E CHILE GIZ,,RM,,www.4echile.cl
A. HARTRODT CHILE S.A.,,RM,,www.hartrodt.com
A.J. BROOM Y CIA. S.A.C.,,RM,,www.broomgroup.com
A33 RESCUE AND FIRE,,RM,,www.a33.cl
AB ARRIENDOS S.A.,,RM,,www.abarriendos.cl
ABARZUA INGENIERIA LTDA.,,RM,,www.abarzuaingenieria.cl
"ABASTEC, ABASTECIMIENTOS TECNICOS LTDA.",,RM,,www.abastec.cl
ABASTIBLE,,RM,,www.abastible.cl
ABB S.A.,,RM,,www.abb.cl
ABCDUST CHILE,,RM,,www.abcdust.net
ABENGOA CHILE S.A.,,RM,,www.abengoa.cl
ACERMET LTDA.,,RM,,www.acermet.cl
ACERORACK,Bodega,RM,,www.acerorack.cl
ACEROS CHILCA,Fabrica,RM,,www.aceroschilca.com
AEMAQ & COPPOLA LTDA.,Equipos fabrica,RM,,www.aemaq.cl
AEROPAK CHILE,Acero inoxidable,RM,,www.nexofspa.cl
AERORESCATE AMBULANCIAS AEREAS,Seguridad,RM,,www.aerorescate.cl
AGECOMET S.A.,Fabrica,RM,,www.agecomet.com
AGINOX COMERCIAL LTDA.,Acero inoxidable,RM,,www.aginox.cl
AGROANDINA – INDUAGRO,Equipos mineria,RM,,www.induagro.cl
AGRU TECNOLOGIA EN PLASTICOS,Tuberias,RM,,www.agru.cl
AGUAPUR MEDICION SPA,Tuberias,RM,,www.aguapurmedicion.cl
AGUAPUR VAPOR SPA,Tuberias,RM,,www.aguapurvapor.cl
AGUAS PURIFICADAS MANANTIAL,Aguas negras,RM,,www.manantial.cl
AGUAS SIPRA,Tuberias,RM,,www.aguassipra.cl
AGUASIN SPA,Aguas negras,RM,,www.aguasin.com
"AGUNSA, AGENCIAS UNIVERSALES S.A.",Personas,RM,,www.agunsa.com
AHK-ASMIN,Laboratorio,RM,,www.asmin.cl
AIROLITE S.A.,Random,RM,,www.airolite.cl
AIRSEAL ANTIPINCHAZOS,Equipo mineria,RM,,www.airseal-chile.cl
AISLANTES Y ENVASES LTDA.,Insulacion,RM,,www.aislantesyenvases.cl
AISLAPOL S.A.,Insulacion,RM,,www.aislapol.cl
AITEC S.A.,Agricultura,RM,,www.aitec.cl
AJAX LTDA.,Seguridad,RM,,www.ajax.cl
AKC FUSION,Tuberias,RM,,www.akcfusion.cl
ALERTPLUS,Seguridad,RM,,www.alertplus.net
ALESSANDRI & CIA. LTDA.,Abogados,RM,,www.alessandri.cl
ALEX STEWART INTERNATIONAL CHILE,Laboratorio,RM,,www.alexstewart.cl
ALFA PEOPLE CHILE SPA,,RM,,www.alfapeople.com
ALFRED H. KNIGHT INT. LTDA.,,RM,,www.ahkgroup.com
ALICOPSA S.A.,Alimento,RM,,www.alicopsa.cl
ALISERVICE,Alimento,RM,,www.aliservice.cl
ALL IN MARKETING SPA,,RM,,www.allin.cl
ALLEN LTDA.,Acero inoxidable,RM,,www.allen.cl
ALLIED ELECTRONICS,Repuestos,RM,,www.rschile.cl
ALO VENTAS,Gruas,RM,,www.aloventas.cl
ALTAPRO,Seguridad,RM,,www.altapro.cl
ALTAVIA,Carretera,RM,,www.altavia.cl
ALTEC SPA,Insulacion,RM,,www.altecspa.cl
ALTEZA SOLUTIONS,Seguridad,RM,,www.altezasolutions.com
ALTITEC CHILE LTDA.,Seguridad,RM,,www.altitecchile.cl
ALTO,Robos,RM,,www.alto.cl
ALTUMAQ S.A.,Gruas,RM,,www.altumaq.cl
ALVENIUS CHILENA LTDA.,Tuberias,RM,,www.alveniuschilena.cl
AMERPLAST SPA,Estanques,RM,,www.amerplast.cl
AMINCORP,Equipos,RM,,www.amincorp.cl
AMINPRO,,RM,,www.aminpro.com
AMSEC SPA – PANAMA JACK,Seguridad,RM,,www.amsec.cl
AMSTER S.A.,,RM,,www.amster.cl
"AMTC, ADVANCED MINING TECHNOLOGY CENTER",,RM,,www.amtc.cl
AMTEX SPA,Flotacion,RM,,www.amtex-corp.com
ANA ENGINEERING,Equipos,RM,,www.anamaquinarias.cl
ANACHEMIA SCIENCE LTDA.,Fundicion,RM,,www.anachemia-mining.com
ANALISIS AMBIENTALES S.A.,,RM,,www.anam.cl
ANALITICA WEISSER LTDA.,Clima,RM,,www.analitica.cl
ANDDES,,RM,,www.anddes.com
ANDEAN BPO,Contratistas,RM,,www.andeanbpo.com
ANDECORP SPA,Andamios,RM,,www.andecorp.cl
ANDES LOGISTICS DE CHILE S.A.,Transporte,RM,,www.andeslogistics.com
ANDES MOTOR,Transporte,RM,,www.andesmotor.cl
APPAREIL LTDA.,Topografia,RM,,www.appareil.cl
APPLUS+,,RM,,www.applus.com
"APRIMIN, ASOCIACION DE PROVEEDORES INDUSTRIALES DE LA MINERIA A.G.",Provedores,RM,,www.aprimin.cl
APRO LTDA.,Seguridad,RM,,www.apro.cl
APSA,Carretera,RM,,www.apsa.cl
"APTA, ANDES PACIFIC TECHNOLOGY ACCESS",,RM,,www.hubapta.com
AQUATERRA LTDA.,Seguridad,RM,,www.aerisfogo.com
ARCADIS,,RM,,www.arcadis.com
ARCOTEX S.A.,Ventilacion,RM,,www.arcotex.cl
ARESCO CHILE LTDA.,Equipos mineros,RM,,www.arescochile.com
ARGENTA LTDA.,Insumos,RM,,www.argenta.cl
ARIAN S.A.,Automatizacion,RM,,www.arian.cl
ARKANOSOFT CHILE SPA,,RM,,www.arkanosoft.com
ARMACERO MATCO S.A.,Construccion,RM,,www.armacero.cl
ARMAFLEX,Acero inoxidable,RM,,www.armaflex.cl
ARMAQSUBIRI S.A.,Construccion,RM,,www.armaqsubiri.cl
AROS DEL PACIFICO S.A.,Ruedas,RM,,www.aros.cl
ARPFRIO,Ventilacion,RM,,www.arpfrio.cl
ARQUIMED LTDA.,,RM,,www.arquimed.cl
ARREDONDO TECNOINOX,Laboratorio,RM,,www.arredondo.cl
ARREQUIP LTDA.,Electricidad,RM,,www.arrequip.cl
ARRIGONI AMBIENTAL SPA,Construccion,RM,,www.arrigoni.cl
ARRIMAQ SPA,Grua,RM,,www.arrimaq.com
ARTILEC LTDA.,Insumos,RM,,www.artilec.cl
AS CHILE ENERGY GROUP S.A.,Flotacion,RM,,www.aschile.cl
ASCS,Educacion,RM,,www.ascs.cl
ASDIT,,RM,,www.asdit.cl
ASESORIAS ALGORITMOS Y MEDICIONES AMBIENTALES SPA,Contaminacion,RM,,www.algoritmospa.com
ASESORIAS JURIDICAS PHR Y CIA. LTDA.,,RM,,www.phr.cl
ASICORP,Tuberias,RM,,www.asicorp.cl
ASL CORP,Abogados,RM,,www.aslcorp.cl
ASOCIACION CHILENA DE SEGURIDAD,Seguridad,RM,,www.achs.cl
ASOCIACION DE EMPRESAS CONSULTORAS DE INGENIERIA DE CHILE A.G.,,RM,,www.aic.cl
ASQ LTDA.,,RM,,www.asq.cl
ASSA INGENIERIA SPA,Estanques,RM,,www.assa.cl
ATACAMA AMBIENTE CONSULTORES,,RM,,www.atacamamb.com
ATACAMA DRILL S.A.,Sondaje,RM,,www.atacamadrill.cl
ATCO SABINCO,Personas,RM,,www.atcosabinco.com
ATI TRADE,Pozos,RM,,www.atitrade.cl
ATLAS COPCO,,RM,,www.atlascopco.cl
ATLAS RENEWABLE ENERGY,,RM,,www.atlasrenewableenergy.com
ATM CONSULTORES SPA,,RM,,www.atmsa.cl
ATS MAQUINARIAS,Trabajo en altura,RM,,www.ats.cl
ATT CONEXIONES S.A.,Tuberias,RM,,www.attconexiones.cl
ATTEX LTDA.,Tuberias,RM,,www.attex.cl
AUGUSTA INGENIERIA,,RM,,www.augustaingenieria.com
AURA INGENIERIA,Sondaje,RM,,www.aura.cl
AURAER,,RM,,www.auraer.com
AUSTIN CHILE TRADING LTDA.,Tronadura,RM,,www.austin.cl
AUSTRAL CHEMICAL CHILE S.A.,Agua potable,RM,,www.austral-chem.cl
AUSTRAL MINING SERVICES S.A.,Equipos,RM,,www.ams-corp.cl
AUSTRIAENERGY CHILE SPA,,RM,,www.austriaenergy.com
AUTANA EQUIPOS LTDA.,Sondaje,RM,,www.autana.cl
AUTER MINERIA LTDA.,Carretera,RM,,www.auter.cl
AUTOMA ELECTRONICA LTDA.,Seguridad,RM,,www.automa.cl
AUTOMAPP SPA,Electricidad,RM,,www.automapp.cl
AUTOMOTORES GILDEMEISTER S.A.,vehiculos,RM,,www.gildemeister.cl
AUTOMOVIL CLUB DE CHILE,Educacion,RM,,www.automovilclub.cl
AUTOTERM S.A.,Asesoria,RM,,www.autoterm.cl
AVANTEC S.A.,Monitoreo,RM,,www.avantec.cl
AVC VALVE CHILE,Tuberias,RM,,www.avcvalve.cl
AVI SPA,Electricidad,RM,,www.avi.cl
AVIASUR,,RM,,www.aviasur.com
AXXA CHEMICALS LTDA.,Lixidacion,RM,,www.axxachemicals.cl
AXYS S.A.,,RM,,www.axys.cl
AYRSA S.A.,Insulacion,RM,,www.ayrsa.cl
AZ ARMATUREN DE CHILE SPA,Valvulas,RM,,www.az-armaturen.com.br
AZLAN SPA,Asesoria,RM,,www.azlan.cl
AZURIAN,,RM,,www.azurian.com
B Y P ILUMINACION,Insumos,RM,,www.byp.cl
B. BOSCH S.A.,,RM,,www.bbosch.cl
BACKUP INGENIERIA,,RM,,www.backupingenieria.cl
BAHCO,Insumos,RM,,www.bahco.com
BAILAC,Ruedas,RM,,www.bailac.cl
BAILAC CAPACITA,Educacion,RM,,www.capacitacionbailac.cl
BAIRD & ASSOCIATES S.A.,,RM,,www.baird.com
"BAKER MCKENZIE, SERVICIOS LEGALES SPA",,RM,,www.bakermckenzie.com
BALANZAS CONDOR S.A.,Monitoreo,RM,,www.balanzascondorsa.cl
BALFLEX CHILE,Acero inoxidable,RM,,www.balflex.cl
BANFF BOMBAS,tuberias,RM,,www.banffbombas.cl
BARAHONA Y CIA. LTDA.,Tuberias,RM,,www.barahonaycia.com
BARCHIP,,RM,,www.barchip.com
BARLOVENTO CHILE,,RM,,www.barloventorecursos.com
BARRACA DE FIERRO CARLOS HERRERA A.,,RM,,www.carlosherrera.cl
BARRACA DE FIERRO SAN JOAQUIN SPA,,RM,,www.fsj.cl
BARRON VIEYRA,,RM,,www.barronvieyra.com
"BARRY, GRUAS Y TRANSPORTES",,RM,,www.barry.cl
BASALTO DRILLING,,RM,,www.basaltodrilling.cl
BASF CHILE S.A.,,RM,,www.basf.cl
BASH SEGURIDAD S.A.,,RM,,www.bash.cl
BATA INDUSTRIALS,,RM,,www.bataindustrials.cl
BBC CHARTERING ANDINO S.A.,,RM,,www.bbc-chartering.com
BC BEARING CHILE S.A.,,RM,,www.bcbearing.cl
BCTEC,,RM,,www.bctec.cl
BECHTEL CHILE LTDA.,,RM,,www.bechtel.com
BECKER SOUTH AMERICA S.A.,,RM,,www.becker-mining.com
BEIBEN TRUCK,,RM,,www.beiben.cl
BEKA S.A.,,RM,,www.beka.cl
BELECTRIC CHILE,,RM,,www.belectric.com
BELIGHT,,RM,,www.belight.cl
BEMARKET,,RM,,www.be-market.com
BENDITA IDEA,,RM,,www.benditaidea.cl
BERR & NALLY S.A.,,RM,,www.berrynally.cl
BEYOND TECHNOLOGIES CHILE S.A.,,RM,,www.beyond.cl
BEZANILLA Y CIA. LTDA.,,RM,,www.bezanilla.com
BFS,,RM,,www.bfschile.com
BIGGI (CHILE) S.A.,,RM,,www.biggi.cl
BIGNOTTI HERMANOS S.A.,,RM,,www.bignottihnos.cl
BIMEX LTDA.,,RM,,www.bimex.cl
"BIOHIDRICA, BIOTECNOLOGIAS DEL AGUA LTDA.",,RM,,www.biohidrica.cl
BIOS SPA,,RM,,https://www.biosmi.com/jobs
BIOTEC CHILE S.A.,,RM,,www.biotec.cl
BITUMIX S.A.,,RM,,www.bitumix.cl
BLACK & DECKER DE CHILE S.A.,,RM,,www.blackanddecker.cl
BLACK & VEATCH,,RM,,www.bv.com
BLACKAY,,RM,,www.blackay.com
BLAST MOVEMENT TECHNOLOGIES,,RM,,www.blastmovement.com/es/
BLASTPAINT SPA,,RM,,www.blastpaint.cl
BLOCK Y CIA. S.A.C.I.,,RM,,www.block.cl
BLUMAQ,,RM,,www.blumaq.com
BLUMOS LTDA.,,RM,,www.blumos.cl
BMINING,,RM,,www.bmining.cl
BMP RENTA LTDA.,,RM,,www.bmprenta.com
BOART LONGYEAR CHILE LTDA.,,RM,,www.boartlongyear.com
BODEGAL LTDA.,,RM,,www.bodegal.cl
"BODEGAS SAN FRANCISCO, BSF",,RM,,www.bsf.cl
BOMBAS CHILE,,RM,,www.bombaschile.cl
BOMBAS DE POZO LTDA.,,RM,,www.bombasdepozo.cl
BOMBAS GRUNDFOS CHILE S.A.,,RM,,www.grundfos.cl
BONILLA Y CIA. LTDA.,,RM,,www.bonilla.cl
BORETEK,,RM,,www.boretek.net
BORMAX SPA,,RM,,www.bormax.cl
BORYBOR,,RM,,www.borybor.cl
BOSCA INDUSTRIAL,,RM,,www.boscaindustrial.cl
BOSCH CHILE,,RM,,www.bosch.com
BOSCH REXROTH CHILE,,RM,,www.boschrexroth.com
BOTIIA,,RM,,www.botiia.com
BOTTAI S.A.,,RM,,www.bottai.cl
BOYDEN CHILE S.A.,,RM,,www.boyden.com
BP ILUMINACION,,RM,,www.byp.cl
BRADKEN CHILE,,RM,,www.bradken.com
BRASANDES SPA,,RM,,www.brasandes.cl
BRAVO ENERGY CHILE S.A.,,RM,,www.bravoenergy.cl
BRAY CONTROL S.A.,,RM,,www.bray.com
BRENNTAG CHILE LTDA.,,RM,,www.brenntag.com
BRIDGESTONE FIRESTONE CHILE S.A.,,RM,,www.bridgestone.cl
BRIDON BEKAERT THE ROPES GROUP,,RM,,www.bridon-bekaert.com
BRISA S.A.,,RM,,www.brisa.cl
BUFFER CHILE,,RM,,www.bufferchile.cl
BURGER GRUAS,,RM,,www.burgergruas.com
BURO S.A.,,RM,,www.buro.cl
BURON SPA,,RM,,www.buron.cl
BUSANC LTDA.,,RM,,www.busanc.cl
BUSCH CHILE S.A.,,RM,,www.busch.cl
BYP LTDA,,RM,,www.byp.cl
C-METRIX S.A.,,RM,,www.cmetrix.la
C.C. JENSEN S.L. LTDA.,,RM,,www.cjc.dk
CACHEQ,,RM,,www.cacheq.cl
CAMARA MINERA,,RM,,www.camaraminera.cl
CANON CHILE S.A.,,RM,,www.canon.cl
CANTRACK,,RM,,www.cantrack.cl
CARBO CHILE S.A.,,RM,,www.morganadvancedmaterials.com
CARBONFREE CHILE,,RM,,www.carbonfree.com/
CARGOCORP LOGISTICS SPA,,RM,,www.cargocorp.com
CARIOLA DIEZ PEREZ-COTAPOS SPA,,RM,,www.cariola.cl
CARPAS GILLIBRAND,,RM,,www.carpasgillibrand.cl
CASAGRANDE MOTORI LTDA.,,RM,,www.casagrandemotori.cl
CASTRO INGENIERIA,,RM,,www.castroingenieria.cl
CAUCHOS INDUSTRIALES S.A.,,RM,,www.cainsa.cl
CAUCHOVAL S.A.,,RM,,www.cauchoval.cl
CAUSSE INGENIEROS CIVILES ASOCIADOS S.A.,,RM,,www.causse.cl
CAVASAL MAQUINARIA LTDA.,,RM,,www.cavasal.cl
CAXTOR,,RM,,www.caxtor.cl
CCA CERTIFICACION,,RM,,www.ccacertificacion.cl
CCI S.A.,,RM,,www.ccindustrial.cl
CCM COAL CONTROL MINING,,RM,,www.ccmining.cl
CDM SMITH,,RM,,www.cdmsmith.com
CEIBO,,RM,,www.ceibo.bio
CEIM – CENTRO DE ENTRENAMIENTO INDUSTRIAL Y MINERO,,RM,,www.ceim.cl
CENTRO DE SALUD ALTO COSTANERA,,RM,,www.acostanera.cl
CENTRO NACIONAL DE PILOTAJE (CNP),,RM,,www.pilotaje.cl
CERRO ALTO LTDA.,,RM,,www.cerroalto.cl
CERRO DOMINADOR,,RM,,www.cerrodominador.com
CERTEL,,RM,,www.certel.cl
CESKAT SYSTEMS S.A.,,RM,,www.ceskat.cl
CESMEC S.A.,,RM,,www.cesmec.cl
CETAET,,RM,,www.cetaet.com
CETCO LATINOAMERICA,,RM,,www.cetco.com
CFH CHILE,,RM,,www.cfhchile.cl
CGE S.A.,,RM,,www.cge.cl
CHANCADORES CHILE SPA,,RM,,www.chancadoreschile.cl
CHECKPERSONS,,RM,,www.check-persons.cl
CHEMICAL MIX LTDA.,,RM,,www.chemicalmix.cl
CHEMOURS COMPANY CHILE,,RM,,www.chemours.com
CHM INDUSTRIAS ELECTRICAS,,RM,,www.chmsa.cl
CHRISTENSEN CHILE S.A.,,RM,,www.diamantinachristensen.com
CICROMET LTDA.,,RM,,www.cicromet.cl
CIENTEC INSTRUMENTOS CIENTIFICOS S.A.,,RM,,www.cientecinstrumentos.cl
CIMED LTDA.,,RM,,www.cimed.cl
CIMTEC S.A.,,RM,,www.cimtec.cl
CINTAC S.A.I.C.,,RM,,www.cintac.cl
CIS ASOCIADOS CONSULTORES EN TRANSPORTE,,RM,,www.cistrans.cl
CIS CONSULTORES,,RM,,www.cisconsultores.cl
CIS INGENIERIA LTDA.,,RM,,www.cisc.cl
CISCO SYSTEMS CHILE,,RM,,www.cisco.com
CITIC HEAVY INDUSTRIES CHILE SPA,,RM,,www.citic-hic.com
CITYMOVIL S.A.,,RM,,www.citymovil.cl
CLARIANT CHILE LTDA.,,RM,,www.mining.clariant.com
CLAS INGENIERIA ELECTRICA E INVERSIONES,,RM,,www.clas.cl
CLEMSA,,RM,,www.clemsa.cl
CO-OL LTDA.,,RM,,www.co-ol.cl
COASIN LOGICALIS,,RM,,www.coasinlogicalis.com
COCESA PRYSMIAN GROUP,,RM,,https://chile.prysmiangroup.com/
COCHILCO,,RM,,www.cochilco.cl
CODELPA CHILE S.A.,,RM,,www.codelpa.cl
CODITEC S.A.,,RM,,www.coditec.cl
COENER,,RM,,www.coener.cl
COEXCO CHILE S.A,,RM,,www.coexco.cl
COMERCIAL GONZALEZ HERMANOS Y CIA.,,RM,,www.hgb.cl
COMERCIAL IVS S.A.,,RM,,www.ivs.cl
COMERCIAL PACIFIC LTDA.,,RM,,www.comercialpacific.cl
COMERCIAL PARTEK LTDA.,,RM,,www.partek.cl
COMERCIAL PAU,,RM,,www.comercialpau.cl
COMERCIAL POPAYAN,,RM,,www.popayan.cl
COMERCIAL ROBERTO GOTTLIEB Y CIA. LTDA.,,RM,,www.gotexchile.cl
COMPAÑIA GENERAL DE REMATES (CGR),,RM,,www.cgrchile.com
COMPRESORES GILO INDUSTRIAL Y COMERCIAL,,RM,,www.gilo.cl
COMPROBE LTDA.,,RM,,www.comprobe.cl
COMULSA,,RM,,www.comulsa.cl
CONCERTINAS CHILE,,RM,,www.concertinaschile.cl
CONECTA INGENIERIA S.A.,,RM,,www.conecta.cl
CONETEC SPA,,RM,,www.conetec.com
CONFECCIONES BUTKA LTDA.,,RM,,www.butka.com
CONFINOR S.A.,,RM,,www.confinorsa.cl
CONFIPETROL CHILE SPA,,RM,,www.confipetrol.com
CONSORCIO SANTA MARTA S.A.,,RM,,www.csmarta.cl
CONSTRUCTORA ECOPSA S.A.,,RM,,www.ecopsa.com
CONSTRUCTORA EL SAUCE S.A.,,RM,,www.elsauce.cl
CONSTRUCTORA EXCON,,RM,,www.excon.cl
CONSTRUCTORA FE GRANDE S.A.,,RM,,www.fegrande.cl
CONSTRUCTORA INARCO S.A.,,RM,,www.inarco.cl
CONSTRUCTORA INTERNACIONAL S.A.,,RM,,www.cil.cl
CONSTRUCTORA VALKO S.A.,,RM,,www.valko.cl
CONSTRUMART S.A.,,RM,,www.construmart.cl
CONSTRUSOFT LATINOAMERICA SPA,,RM,,www.construsoft.com
CONTAC INGENIEROS LTDA.,,RM,,www.contac.cl
CONTINENTAL BLOWERS ANDES LTDA.,,RM,,www.continentalandes.com
CONTITECH CHILE S.A.,,RM,,www.contitech.cl
CONTROL ACUSTICO,,RM,,www.controlacustico.cl
CONTROL Y PRECISION,,RM,,www.controlyprecision.cl
CONTROLES LTDA.,,RM,,www.controls.cl
CONVEYOR BELT TECHNOLOGY LTDA.,,RM,,www.cbtech.cl
COPERTOOL LTDA.,,RM,,www.copertool.cl
COPPEX SPA,,RM,,www.coppex.cl
COPROMATIC SPA,,RM,,www.copromatic.cl
CORESA S.A.,,RM,,www.coresa.cl
CORPFLITE,,RM,,www.corpflite.cl
"CORPORACION BIENES DE CAPITAL, CBC",,RM,,www.cbc.cl
CORROXION,,RM,,www.corroxion.cl
COSEDUCAM S.A.,,RM,,www.coseducam.cl
COSESA S.A.,,RM,,www.cosesa.cl
COSMOS SAVE ENERGY AI,,RM,,www.cosmosenergy.ai
COTRANS LTDA.,,RM,,www.cotrans.cl
COVENCO S.A.,,RM,,www.covenco.cl
COVFLEX,,RM,,www.covflex.cl
COVIEL S.A.,,RM,,www.coviel.cl
COVISA,,RM,,www.covisa.cl
COX ENERGY CHILE,,RM,,www.coxenergy.com
CRESCENT,,RM,,www.crescent.cl
CROSS PACIFIC CHARTERING,,RM,,www.crosspacific.cl
CRU STRATEGIES CONSULTORES LTDA.,,RM,,www.crugroup.com
CRUZAT INGENIERIA S.A.,,RM,,www.cruzatingenieria.cl
CSIRO CHILE,,RM,,www.csiro.au
CST GROUP,,RM,,www.cstonline.cl
CUSATTO SPA,,RM,,www.cusatto.cl
CUTTING TOOLS CHILE,,RM,,www.cuttingtools.cl
CUÑADO INTERCONTINENTAL S.A.,,RM,,www.grupocunado.com
CV DRILLER LTDA.,,RM,,www.cvdriller.cl
CYGSA CHILE S.A.,,RM,,www.cygsachile.cl
DAFF S.A.,,RM,,www.daff.cl
DANDILION INGENIERIA SPA,,RM,,www.dandilion.cl
DANISH BUSINESS LTDA. / IBIX CHILE,,RM,,www.dbltda.cl
DANK CONSULTORES FPG SPA,,RM,,www.dankconsultores.cl
DAYCRO GPS,,RM,,www.daycro.cl
DB SANTASALO,,RM,,www.dbsantasalo.com
DB SCHENKER CHILE,,RM,,www.dbschenker.com
DBA INGENIERIA,,RM,,www.dbaingenieria.cl
DE RE METALLICA INGENIERIA SPA,,RM,,www.drm.cl
DEALIND SPA,,RM,,www.dealind.cl
DECA EXPRESS S.A.,,RM,,www.decaexpress.cl
DEGRAF LTDA.,,RM,,www.degraf.cl
DEL CARPIO ANALISIS Y ASESORIAS LTDA.,,RM,,www.delcarpio.cl
DELLA TOFFOLA SUDAMERICA S.A.,,RM,,www.dellatoffola.cl
DEMO MODULAR,,RM,,www.demomodular.cl
DERCO S.A.,,RM,,www.derco.cl
DERCOMAQ,,RM,,www.dercomaq.cl
DESPURIFIL LTDA.,,RM,,www.despurifil.cl
DESSAU CHILE INGENIERIA SPA,,RM,,www.dessau.cl
DESWIK,,RM,,www.deswik.com
DGA MIN LTDA.,,RM,,www.dgamin.cl
DICTUC S.A.,,RM,,www.dictuc.cl
DIETHELM,,RM,,www.diethelm.cl
DIGIMAPAS CHILE AEROFOTOGRAMETRIA LTDA.,,RM,,www.digimapas.cl
DIMERC,,RM,,www.dimerc.cl
DINAGAL SPA,,RM,,www.dinagal.cl
DINAMICA PLATAFORMA,,RM,,www.dinamicaplataforma.com
DIPLOMADOS UEJECUTIVOS DE LA UNIVERSIDAD DE CHILE,,RM,,www.uejecutivos.cl
DIPROSUR S.A.,,RM,,www.diprosur.cl
DISEGNO 3D SPA,,RM,,www.disegno3d.cl
DISEMAQ LTDA.,,RM,,www.disemaq.cl
DISTINTEC,,RM,,www.distintec.cl
DMC MINING SERVICES,,RM,,www.dmcmining.com
DOKA CHILE,,RM,,www.doka.cl
DONALDSON CHILE,,RM,,www.donaldsonchile.com
DOPPELMAYR,,RM,,www.doppelmayr.com/es/productos/ropecon/
DOW QUIMICA,,RM,,www.dow.com
DOWNING TEAL CHILE SPA,,RM,,www.downingteal.cl
DPA INGENIERIA LTDA.,,RM,,www.dpa.cl
DPL GROUT LTDA.,,RM,,www.dplgrout.cl
DRAGER CHILE LTDA.,,RM,,www.draeger.com
DREIZON CHILE SPA,,RM,,www.dreizon.cl
DRILLCO S.A.,,RM,,www.drillco.com
DT HI-LOAD,,RM,,www.dthi-load.com
DUPONT,,RM,,www.dupont.cl
DUST A SIDE CHILE S.A.,,RM,,www.dustaside.cl
DUST CONTROL S.A.,,RM,,www.dustcontrol.cl
DYNAL INDUSTRIAL S.A.,,RM,,www.dynal.cl
DYPRO,,RM,,www.dypro.cl
Dictuc,Laboratorio,RM,,https://www.dictuc.cl/
EAGLE LIF LTDA.,,RM,,www.eaglelif.cl
EATON CHILE,,RM,,www.eaton.com
EBCO S.A.,,RM,,www.ebco.cl
EBRO STAFSJO VALVES CHILE LTDA.,,RM,,www.ebro-armaturen.com
ECERT,Firma electronica,RM,,www.e-certchile.cl
ECOMET S.A.,,RM,,www.ecomet.cl
ECOMIN S.A.,,RM,,www.ecomin.cl
ECOMINING,,RM,,www.ecomining.cl
ECONORENT,,RM,,www.econorent.cl
ECONSSA CHILE,,RM,,www.econssachile.cl
ECOPRENEUR CHILE S.A.,,RM,,www.ecopreneur.cl
ECOSYSTEM S.A.,,RM,,www.ecosystem.cl
ECTEL LTDA.,,RM,,www.ectel.cl
EDALTEC LTDA.,,RM,,www.edaltec-group.com
EDC-CHILE,,RM,,www.energy.com.ph
EDF RENEWABLES CHILE,,RM,,www.edf.fr/en/meta-home
EDYCE METALURGICA S.A.,,RM,,www.edyce.com
EECOL ELECTRIC,,RM,,www.eecol.cl
EFCO DE CHILE S.A.,,RM,,www.efcoforms.com
EGM LTDA.,,RM,,www.egm.cl
EIG,,RM,,www.eig.cl
EIR ELECTROMECANICA LTDA.,,RM,,www.eir.cl
EISA – ENERGIAS INDUSTRIALES,,RM,,www.eisa.cl
EKATO CHILE S.A.,,RM,,www.ekato.com
EL INGENIO SPA,,RM,,www.linternas.cl
EL-PACK SPA,,RM,,www.codefine.com
ELAGOM LTDA.,,RM,,www.elagom.cl
ELEC CHILE Y CIA. LTDA.,,RM,,www.elec.cl
ELECNOR CHILE,,RM,,www.elecnor.cl
ELECTRICIDAD GOBANTES S.A.,,RM,,www.gobantes.cl
ELECTROCONSULTORES.COM LTDA.,,RM,,www.electroconsultores.cl
ELECTROHIDRAULICA LTDA.,,RM,,www.electrohidraulica.cl
ELECTRONICA INDUSTRIAL DRIVER LTDA.,,RM,,www.driver.cl
ELECTRONICA RHOMBERG LTDA.,,RM,,www.rhomberg.cl
ELECTROPRODUCTOS S.A.,,RM,,www.eepp.cl
ELITE PROFESSIONAL,,RM,,www.eliteprofessional.cl
EMARESA S.A.,,RM,,www.emaresa.cl
EMBAJADA BRITANICA – DIT,,RM,,www.gov.uk/world/organisations/department-for-international-trade-chile
EMECIN LTDA.,,RM,,www.emecin.cl
EMERSON,,RM,,www.emerson.com
EMPIRE PACK SPA,,RM,,www.empire-pack.com
EMPRESAS IEG,,RM,,www.iegservicios.com
EMPRESAS JOFRE,,RM,,www.empresasjofre.cl
EMPRESAS LIPIGAS S.A.,,RM,,"www.lipigas.cl, www.lipigas.com"
EMPRESAS PERROT,,RM,,www.empresasperrot.cl
EMPRESAS TRANSEX,,RM,,www.empresastransex.cl
ENAPAC,,RM,,www.enapac.cl
ENCOPARTS CHILE LTDA.,Repuestos,RM,,www.encoparts.cl
ENCRYPTA CHILE S.A.,,RM,,www.encrypta.cl
ENDRESS+HAUSER CHILE,,RM,,www.cl.endress.com
ENECON S.A.,,RM,,www.enecon.cl
ENERGIA LLAIMA SPA,,RM,,www.ellaima.cl
ENERGUIAS SPA,,RM,,www.energuias.com
ENERGY CHALLENGE GERMANY,,RM,,https://chile.ahk.de/es
ENERGYA,,RM,,www.energya.cl
ENERTIS SOLAR,,RM,,www.enertis.es
ENEX,,RM,,www.enex.cl
ENGINEERING COMPOSITES SPA,,RM,,www.ecomposites.cl
ENTEL,,RM,,www.entel.cl/corporaciones
ENVIROCARE EQUIPOS INDUSTRIALES LTDA.,,RM,,www.envirocare.cl
ENVIROSUITE,,RM,,www.envirosuite.com
EPIROC CHILE,,RM,,www.epiroc.cl
EPM CHILE S.A.,,RM,,www.epmchile.com
EPOTHAN LTDA.,,RM,,www.epothan.cl
EPRIME FORMACION LTDA.,,RM,,"www.eprime.cl, www.qgischile.cl"
EPYSA BUSES LTDA.,,RM,,www.epysa.cl
EQUIMIN LTDA.,,RM,,www.equiminsa.cl
EQUIPEX,,RM,,www.equipex.cl
EQUIPOS INDUSTRIALES S.A.C.I.,,RM,,www.equipos.cl
EQUIPOS MINEROS S.A.,,RM,,www.equiposmineros.cl
EQUIPOS TREX,,RM,,www.trex.com
EQUISEG LTDA.,,RM,,www.equiseg.cl
ERAL CHILE S.A.,,RM,,www.eralchile.com
ERICSSON CHILE S.A.,,RM,,www.ericsson.com/en/about-us/company-facts/ericsson-worldwide/chile
ERRAZURIZ Y ASOCIADOS,,RM,,www.eai.cl
ESCUELA DE POSTGRADO FEN CHILE,,RM,,www.postgradouchile.cl
ESINEL INGENIEROS,,RM,,www.esinel.cl
ESOL ENERGIA SOLAR,,RM,,www.esol.cl
ESPISER SPA,,RM,,www.espiser.cl
ESQUERRE LTDA.,,RM,,www.esquerrechile.cl
ESRI CHILE S.A.,,RM,,www.esri.cl
ESTRELLA SOLITARIA,,RM,,www.estrellasolitaria.cl
ETICSA S.A.,,RM,,www.eticsa.cl
ETS CHILE,,RM,,www.ets-chile.cl
EURO RENT A CAR,,RM,,www.eurorentacar.cl
EUROCOMERCIAL LTDA.,,RM,,www.eurocomercial.cl
EUROPER LTDA.,,RM,,www.europer.cl
EUROSERVICIOS CHILE LTDA.,,RM,,www.euroservicioschile.com
EUROSTANDARD CHILE S.A.,,RM,,www.eurostandard.cl
EVOLOG SPA,,RM,,www.evolog.cl
EVTECH CHILE SPA,,RM,,www.evtech.cl
EXCELLENCE PUMP CHILE S.A.,,RM,,www.excellencepump.com
EXCOMAR,,RM,,www.excomar.cl
EXMA LTDA.,,RM,,www.exma.cl
EXPANDE,,RM,,www.expandemineria.cl
EXPERTICIA INGENIEROS S.A.,,RM,,www.experticia.cl
EXPINDUS METALURGICA LTDA.,,RM,,www.expindus.cl
EXPLOR-K LTDA.,,RM,,www.explor-k.cl
EXPLORATION DRILL MASTERS,,RM,,www.explorationdrillmasters.com
EXPOMIN,,RM,,www.expomin.cl
EXXIS,,RM,,www.exxis-group.com
EZENTIS CHILE S.A.,,RM,,www.ezentis.com
FABELEC LTDA.,,RM,,www.fabelec.cl
FACIL 3D,,RM,,www.facil3d.cl
FACORO,,RM,,www.facoro.cl
FACTOR AMBIENTAL SPA,,RM,,www.factorambiental.cl
FAMAE,,RM,,www.famae.cl
FANADEGO LTDA.,,RM,,www.fanadego.cl
FANTINATI RUGGERONI LTDA.,,RM,,www.fantinatiandamios.cl
FASTPACK,,RM,,www.fastpack.cl
FAVITORR S.A.,,RM,,www.favitorr.cl
FDA INGENIEROS S.A.,,RM,,www.fda.cl
FERNANDEZ FICA S.A.,,RM,,www.fernandezfica.cl
FERRETERIA GEYGER LTDA.,,RM,,www.geyger.cl
FERRETERIA LAS DOS ESTRELLAS S.A.,,RM,,www.dosestrellas.cl
FERRETERIA OVIEDO S.A.,,RM,,www.oviedo.cl
FERRETERIA PRAT S.A.,,RM,,www.ferreteriaprat.cl
FERRETERIA SANTIAGO,,RM,,www.ferreteriasantiago.cl
FERRI S.A.I.C.,,RM,,www.ferri.cl
FERRIKO LTDA.,,RM,,www.ferriko.cl
FERROCAST S.A.,,RM,,www.ferrocast.cl
FERROCAUCHO LTDA.,,RM,,www.ferrocaucho.cl
FERROCENTRO – MAESTRANZA MAIPU,,RM,,www.ferrocentro.cl
FERROGROUP LTDA.,,RM,,www.ferrogroup.cl
FERROMAN S.A.,,RM,,www.ferroman.cl
FERRONOR S.A.,,RM,,www.ferronor.cl
FERROSTAAL CHILE S.A.C.,,RM,,www.ferrostaal.cl
FERROVIAL S.A.,,RM,,www.ferrovial.cl
FESTO S.A.,,RM,,www.festo.com
FI GROUP,,RM,,www.cl.fi-group.com
FIBRA INGENIERIA Y CONSTRUCCION S.A.,,RM,,www.filter.cl
FILTERPORE LTDA.,,RM,,www.filterpore.cl
FILTROCENTRO S.A.,,RM,,www.filtrocentro.cl
FILTROS ABSOLUTOS CHILE SPA,,RM,,www.absolutos.cl
FILTROS MARTICORENA S.A.,,RM,,www.filtrosmarticorena.cl
FINNING CHILE S.A.,,RM,,www.finning.com
FIRE STOP SYSTEM CHILE S.A.,,RM,,www.firestop.cl
FIREFLY HELICOPTEROS,,RM,,www.firefly.aero
FITTEX,,RM,,www.fittex.cl
FLAMEGROUP SPA,,RM,,www.autoflame.cl
FLEET-SAFE,,RM,,www.openworldlatam.com
FLEETUP,,RM,,www.fleetup.com
FLEISCHMANN,,RM,,www.fleischmann.cl
FLENDER SPA,,RM,,www.flender.com
FLEXCENTER,,RM,,www.bodenorflexcenter.cl
FLEXCO DE CHILE SPA,,RM,,www.flexco.com
FLEXICON CHILE LTDA.,,RM,,www.flexicon.es
FLEXIM S.A.,,RM,,www.flexim.cl
FLOPOWER CHILE,,RM,,www.flopower.com
FLOTTEC CHILE SPA,,RM,,www.flottec.com
FLOW CONTROL INGENIERIA,,RM,,www.flowcontrol.cl
FLOW SYSTEMS SPA,,RM,,www.flow-systems.cl
FLOW VALVE,,RM,,www.flowvalve.cl
FLUIMAT,,RM,,www.fluimat.cl
FLUINTEK CHILE S.A,,RM,,www.fluintek.cl
FLUITEK CHILE S.A.,,RM,,www.fluitek.cl
FLUTEK,,RM,,www.flutek.cl
"FMS, FOOD MINING SERVICE",,RM,,www.foodminings.com
FOREMIN LTDA.,,RM,,www.foremin.com
FORESERVICES,,RM,,www.foreservices.cl
FORJADOS S.A.,,RM,,www.forjados.cl
FORM-SCAFF CHILE S.A.,,RM,,www.formscaff.cl
FORMAC S.A.,,RM,,www.formac.cl
FRANCISCO PETRICIO S.A.,,RM,,www.fpetricio.cl
FRANZ SAN GALLI,,RM,,www.franzsangalli.cl
FRV CHILE,,RM,,www.frv.com
FS MINING,,RM,,www.fsmining.cl
FTF MONTAJE DE ANDAMIOS,,RM,,www.ftf.cl
FUENTES DESSY ASOCIADOS,,RM,,www.direcmin.com
FULLTENT,,RM,,www.fulltent.cl
FUNDACION CHILE,,RM,,www.fch.cl
FUNDACION FRAUNHOFER CHILE RESEARCH,,RM,,www.fraunhofer.cl
FUNDAS INDUSTRIALES SPA,,RM,,www.fundasindustriales.cl
FUNDICION AMAFUNCO,,RM,,www.fundicion-amafunco.cl
FUNDICION BRUNO S.A.,,RM,,www.fbruno.cl
FUNDICION LAS ROSAS S.A.,,RM,,www.fundicionlasrosas.cl
FUNDINOX CHILE S.A.,,RM,,www.fundinox.cl
FUTURE AND QUALITY INDUSTRIAL SYSTEMS,,RM,,www.fq.cl
G2000 INGENIEROS CONSULTORES LTDA.,,RM,,www.g2000.cl
GALLMAX LTDA.,,RM,,www.gallmax.com
GALLYAS TELECOM S.A.,,RM,,www.gallyas.cl
GALVANIZADORA VIALSUR S.A.,,RM,,www.gvs.cl
GALVANOPLASTIA CROM-NIQ LTDA.,,RM,,www.cromados.cl
GAMA LEASING OPERATIVO,,RM,,www.gamaleasing.cl
GAMMA INGENIEROS S.A.,,RM,,www.gamma.cl
GARBAR,,RM,,www.garbar.cl
GARDILCIC,,RM,,www.gardilcic.cl
GARIBALDI S.A.,,RM,,www.garibaldi.cl
GARMENDIA,,RM,,www.garmendia.cl
GAUSS ELECTRIC SPA,,RM,,www.gausselectric.cl
GBI FIJACIONES S.A.,,RM,,www.ingefix.cl
GEOASSAY GROUP,,RM,,www.geoassay.cl
GEOCOM,,RM,,www.geocom.cl
GEOCONTROL LTDA.,,RM,,www.geocontrol.cl
"GEOCONTROL, SERVICIOS DE INGENIERIA LTDA.",,RM,,www.geocontrolchile.com
GEODATA ANDINA LTDA.,,RM,,www.geodataandina.cl
GEODATOS,,RM,,www.geodatos.cl
GEODETEC INGENIERIA S.A.,,RM,,www.geodetec.cl
GEODETECTION SOUTH AMERICA SPA,,RM,,www.geodetection-gpr.com
GEODIS CHILE LTDA.,,RM,,www.geodis.com
GEOEQUIPOS S.A.,,RM,,www.geoequipos.cl
GEOESTUDIOS S.A.,,RM,,www.geoestudios.cl
GEOEXPLORACIONES S.A.,,RM,,www.geoexploraciones.cl
GEOEXPLORATION TECHNOLOGY,,RM,,www.geo-exploration.com
GEOGLOBALTY GEOTECNOLOGIA Y CONSULTORIA,,RM,,www.geoglobalty.com
GEOINYECTA INGENIERIA LTDA.,,RM,,www.geoinyecta.cl
GEOMAT CHILE SPA,,RM,,www.geomat.cl
GEOMET SPA,,RM,,www.geomet.cl
GEOMINE ASSOCIATES,,RM,,www.geominesa.cl
GEOPROSPEC LTDA.,,RM,,www.geoprospec.cl
GEOROCK S.A.,,RM,,www.georock.cl
GEOSEISMIC,,RM,,www.geoseismic.cl
GEOSINERGIA,,RM,,www.geosinergia.cl
GEOTEC BOYLES BROS S.A.,,RM,,www.geotec.cl
GEOTECHNOS (ELECTROANDES LTDA.),,RM,,www.geotechnos.cl
GEOTERRA LTDA.,,RM,,www.geoterra.cl
GEOVARIANCES,,RM,,www.geovariances.com/en
GERESAM,,RM,,www.geresam.cl
GERMANCOR SPA,,RM,,www.germancor.com
GERMANIA LTDA.,,RM,,www.germanialtda.cl
GERVASI INDUSTRIAL LTDA.,,RM,,www.gervasi.cl
GES CHILE,,RM,,www.services-ges.com
GESTION AMBIENTAL CONSULTORES S.A.,,RM,,www.gac.cl
GESTION CUATRO/ FOGMAKER,,RM,,www.fogmaker-sa.com
GEWISS CHILE LTDA.,,RM,,www.gewiss.com
GGH,,RM,,www.ggh.cl
GHD S.A.,,RM,,www.ghd.com.au
GHH CHILE SPA,,RM,,www.ghh.cl
GHISOLFO,,RM,,www.ghisolfo.cl
GILBARCO LATIN AMERICA ANDINA LTDA.,,RM,,www.gilbarco.com
GL GROUP,,RM,,www.glgroup.cl
GLENCORE TECHNOLOGY,,RM,,www.glencoretechnology.com
GLOBAL FLUID S.A.,,RM,,www.globalfluid.cl
GLOBAL SOLUCIONES,,RM,,www.globalsoluciones.cl
GLOBAL SOLUTIONS MC,,RM,,www.globalsolutionsmc.com
GLOBALSAT CHILE,,RM,,www.gsat.cl
GLOBTEK LTDA.,,RM,,www.globtek.cl
GODELIUS,,RM,,www.godelius.com
GOLDWIND CHILE SPA,,RM,,www.goldwindglobal.com
GOMAS JOSE REYES E HIJOS LTDA.,,RM,,www.gomasjreyes.cl
GOMAS MONSERRAT LTDA.,,RM,,www.gomasmonserrat.cl
GOODYEAR CHILE,,RM,,www.goodyearotr.com
GP CONSULTORES LTDA.,,RM,,www.gpconsultores.cl
GPG CHILE,,RM,,www.globalpower-generation.com/es/
GPI SPA,,RM,,www.gpispa.cl
GPS CHILE SPA,,RM,,www.gpschile.com
GRAFITOS CHILE,,RM,,www.grafitoschile.cl
GRENERGY CHILE,,RM,,www.grenergy.eu
GROUNDPROBE,,RM,,www.groundprobe.com
GRUAS M & L,,RM,,www.gruasml.cl
GRUAS Y EQUIPOS CRUZ DEL SUR,,RM,,www.gruasyequipos.cl
GRUPO AIR,,RM,,www.grupoair.cl
GRUPO AVANZA,,RM,,www.grupoavanza.com
GRUPO CABAL TRANSPORTES,,RM,,www.cabaltransporte.cl
GRUPO COBRA,,RM,,www.grupocobra.com
GRUPO CONDUMEX LTDA.,,RM,,www.condumex.com.mx
GRUPO ENERGY INVERSIONES SPA,,RM,,www.grupoenergy.cl
GRUPO EULEN CHILE,,RM,,www.eulen.com/cl/
GRUPO SCAF,,RM,,www.scaf.cl
GRUPO VIVARGO CHILE,,RM,,www.vivargo.com.pe
GRUPO ZEUZ,,RM,,www.zeuz.cl
GRUPOTUSMAQUINAS,,RM,,www.grupotusmaquinas.com
GS INIMA CHILE,,RM,,www.inima.com
GS3 CONSULTORES,,RM,,www.gs3.cl
GTC TRANSPORTES,,RM,,www.gtctransportes.cl
GTD TELEDUCTOS,,RM,,www.gtdteleductos.com
GWE TUBOMIN S.A.,,RM,,www.gwe-tubomin.com
GYMSA,,RM,,www.gymsa.cl
H & S EQUIPOS INDUSTRIALES LTDA.,,RM,,www.hys.cl
H. BRIONES S.A.,,RM,,www.hbse.cl
HAMBURG SUD CHILE,,RM,,www.hamburgsud-line.com/chile
HANNA INSTRUMENTS EQUIPOS LTDA.,,RM,,www.hannachile.com
HANSA MEYER SHIPWAY,,RM,,www.hansameyer-cl.com
HARRIS GOMEZ GROUP,,RM,,www.hgomezgroup.com
HAUG CHILE INTERNACIONAL LTDA.,,RM,,www.haug.com.pe
HAULOTTE CHILE,,RM,,www.haulotte-chile.com
HAVER & BOECKER NIAGARA,,RM,,www.haverniagara.com
HCA MINERIA,,RM,,www.hcamineria.cl
HE FIBERGLASS S.A.,,RM,,www.hefiberglass.cl
HEAVENWARD ASCENSORES S.A.,,RM,,www.heavenward.cl
HEAVY DUTY,,RM,,www.heavyduty.cl
HELIBOSS,Drones,RM,,industrial.heliboss.cl
HELLMANN WORLDWIDE LOGISTICS LTDA.,,RM,,www.hellmann.net
HENKEL CHILE LTDA.,,RM,,www.henkel.cl
HERCO EQUIPMENT,,RM,,www.hercoequipments.com
HEREDIA Y SANTANA,,RM,,www.heredia-santana.com
HERESMANN Y CIA. S.A.,,RM,,www.heresmann.cl
HERRENKNECHT,,RM,,www.herrenknecht.com
HESSMAY S.A.,,RM,,www.hessmay.cl
HETMETAL IMPORT,,RM,,www.hetmetal.cl
HGB INDUSTRIAL,,RM,,www.hgb.cl
HGI INGENIEROS SPA,,RM,,www.hgiingenieros.com
HIDRAULICA LTDA.,,RM,,www.hidraulica-ltda.cl
HIDROFRESH,,RM,,www.hidrofresh.cl
HIDROLAB S.A.,,RM,,www.hidrolab.cl
HIDROMOBILE S.A.,,RM,,www.hidromobile.cl
HIDROPACK S.A.,,RM,,www.hidropack.cl
HIDROSAN INGENIERIA S.A.,,RM,,www.hidrosan.cl
HIDROTATTERSALL,,RM,,www.hidrotattresall.cl
HIDROTECNOLOGIAS LTDA.,,RM,,www.hidrotecnologias.cl
HIGH-RES LTDA,,RM,,www.high-res.cl
HIGHSERVICE INGENIERIA Y CONSTRUCCION,,RM,,www.highservice.com
HILTI CHILE LTDA.,,RM,,www.hilti.com
HIMA LTDA.,,RM,,www.hima.cl
HINO CHILE,,RM,,www.hino.cl
HKN INGENIERIA,,RM,,www.hkningenieria.com
HLS HARD-LINE CHILE S.A.,,RM,,www.hard-line.com
HOCHTIEF CONSTRUCTION CHILENA LTDA.,,RM,,www.hochtief-solutions.com
HOFFENS S.A.,,RM,,www.hoffens.com
HOIST CRANE CHILE SPA,,RM,,www.hoistcranechile.cl
HOSCH CHILE SPA,,RM,,www.hosch.cl
"HOTELES IBIS & IBIS BUDGET IQUIQUE, CALAMA Y COPIAPO",,RM,,www.ibis.com
HOWDEN CHILE,,RM,,www.howden.com
HRI S.A.,,RM,,www.hri.cl
HUAWEI ENTERPRISE,,RM,,www.huawei.com
HUEBNER CHILE SPA,,RM,,www.huebner-chile.cl
HUGO PETERSEN CHILE,,RM,,www.hugo-petersen.de
HYDAC TECNOLOGIA CHILE LTDA.,,RM,,www.hydac.com
HYDROCAR CHILE S.A.,,RM,,www.hydrocar.cl
HYDROSEAL LTDA.,,RM,,www.hydroseal.cl
HYDROTRAP S.A.,,RM,,www.hydrotrap.cl
HYOSUNG HEAVY INDUSTRIES CHILE,,RM,,www.hyosungindustries.com
HYTECH LATIN AMERICAN SPA,,RM,,www.hytechlam.com
HYTERA PMR CHILE SPA,,RM,,www.hytera-mobilfunk.com
ICAFAL,,RM,,www.icafal.cl
ICASS SPA,,RM,,www.icass.cl
ICE- AGENCIA ITALIANA PARA EL COMERCIO EXTERIOR,,RM,,www.ice.gov.it
ICEM S.A.,,RM,,www.icem.cl
ICHECK CARGO INTERNATIONAL LOGISTICS,,RM,,www.icheckcargo.cl
ICIL ICAFAL,,RM,,www.icil-icafal.cl
ICP INGENIERIA,,RM,,www.icpingenieria.cl
IDCON CHILE,,RM,,www.idcon.cl
IENLACE SPA,,RM,,www.ienlace.cl
IFARLE LTDA.,,RM,,www.ifarle.cl
IGROMI,,RM,,www.igromi.com
ILF INGENIERIA CHILE,,RM,,www.ilf.com
ILUMINA LTDA.,,RM,,www.zingg.cl
IMAQSA,,RM,,www.imaqsa.cl
IMDIFER LTDA.,,RM,,www.imdifer.com
IMEL LTDA.,,RM,,www.imel.cl
IMEL MINING ROCK,,RM,,www.imel-steel.com
IMELSA,,RM,,www.imelsa.cl
IMG LTDA.,,RM,,www.imgltda.com
IMMERSIVE TECHNOLOGIES CHILE S.A.,,RM,,www.immersivetechnologies.cl
IMPAC S.A.,,RM,,www.impac.cl
IMPERIAL S.A.,,RM,,www.imperial.cl
IMPOR EXPOR TECNO CHILE,,RM,,www.tecnochile.cl
IMPORPER LTDA.,,RM,,www.importper.cl
IMPORTADORA ITALIANA SPA,,RM,,www.importadora-italiana.com
IMPORTADORA PARTSERVICE LTDA.,,RM,,www.ipartservice.cl
IMPORTEC,,RM,,www.importec.cl
IMPROFOR LTDA.,,RM,,www.improfor.cl
IN SITU TESTING CHILE LTDA.,,RM,,www.insitutesting.cl
INAMAR IZAJE,,RM,,www.inamarizaje.cl
INCAMIN LTDA.,,RM,,www.incamin.cl
INCOLUR S.A.,,RM,,www.incolur.cl
INCOPROC SPA,,RM,,www.incoproc.cl
INDELTA,,RM,,www.indelta.cl
INDIMIN SPA,,RM,,www.indimin.com
INDRA SISTEMAS CHILE S.A.,,RM,,www.indracompany.com/es/pais/chile
INDUCIEN INSTRUMENTS S.A.,,RM,,www.inducien.cl
INDUFAN LTDA.,,RM,,www.indufan.cl
INDUMARK S.A.,,RM,,www.indumark.cl
INDUMINER S.A.C.,,RM,,www.induminer.cl
INDURA S.A.,,RM,,www.indura.net
INDURAD CHILE SPA,,RM,,www.indurad.cl
INDUSDOR SPA,,RM,,www.indusdor.cl
INDUSTRIAL COMERCIAL CHILE LTDA.,,RM,,www.comercialchile.cl
INDUSTRIAS PERFECT S.A.,,RM,,www.filtrosperfect.cl
INDUSTRIAS QUIMICAS CLORAMON LTDA.,,RM,,www.cloramon.cl
INDUSTRY SYSTEMS,,RM,,www.industrysystem.cl
INDUTECNICA CHACON S.I.C. SPA,,RM,,www.indutecnica.cl
INECO SPA,,RM,,www.ineco.cl
INECON S.A.,,RM,,www.inecon.net
INFRATEK,,RM,,www.infratek.cl
INGAP LTDA.,,RM,,www.ingap.cl
INGEBOLT LTDA.,,RM,,www.ingebolt.cl
INGEFIRE SPA,,RM,,www.ingefire.com
INGEMETA SPA,,RM,,www.ingemeta.cl
INGEMIN LTDA.,,RM,,www.ingemin.cl
INGENALSE,,RM,,www.ingenalse.cl
INGENIERIA Y PROYECTOS LTDA.,,RM,,www.ingproy.com
INGEPRO SPA,,RM,,www.ingeprochile.com
INGEQUIPOS,,RM,,www.ingequipos.cl
INGERSOLL RAND CHILE LTDA.,,RM,,www.ingersollrandproducts.com
INGESAT,,RM,,www.ingesat.cl
INGESEMAQ LTDA.,,RM,,www.ingesemaq.cl
INGETEAM SPA,,RM,,www.ingeteam.com
INGIMEX,,RM,,www.ingimex.cl
INGO LTDA.,,RM,,www.ingo.cl
INGOMAR S.A.,,RM,,www.grupoingomar.cl
INMEDIN,,RM,,www.inmedin.cl
INMOBILIARIA DE INVERSIONES LTDA.,,RM,,www.inmobichile.cl
INNOVA CHECK S.A.,,RM,,www.icheck.cl
INNOVAMINE,,RM,,www.innovamine.cl
INNOVATIONS IN MINING,,RM,,www.imspa.cl
INOX CENTRO COMERCIAL S.A.,,RM,,www.inoxcentro.com
INOXCENTRO,,RM,,www.inoxcentro.com
INPAMIND SPA,,RM,,www.inpamind.cl
INPROLEC,,RM,,www.inprolec.cl
INQUINAT CHILE LTDA.,,RM,,www.inquinat.cl
INRESER SPA,,RM,,www.inreser.com
INSESA INGENIERIA Y SERVICIOS S.A.,,RM,,www.insesa.cl
INSPROTEL LTDA.,,RM,,www.insprotel.cl
INSTALFRIO,,RM,,www.instalfrio.cl
INSTAPLAN S.A.,,RM,,www.instaplan.cl
INSTRUMENTS & TECHNOLOGY SOLUTIONS,,RM,,www.i-solutions.com
INTERLOG ELECTRONICA LTDA.,,RM,,www.interlog-it.com
INTERNEXT,,RM,,www.internext.cl
INTEROP LATINOAMERICA,,RM,,www.interop-la.com
INTERRA LATAM,,RM,,www.interralatam.com
INTERREP METAL SPA,,RM,,www.interrep.cl
INTERTEK CHILE,,RM,,www.intertek.cl
INTERTRADE CHILE S.A.,,RM,,www.intertrade.cl
INTRONICA LTDA.,,RM,,www.intronica.com
INVENPRO,,RM,,www.invenpro.cl
INVERSIONES COLINA SUR,Equipo minero,RM,,www.colinasur.cl
INVERSIONES Y SERVICIOS EXTERNALIZA S.A.,,RM,,www.grupoissa.cl
IO-SAT,,RM,,www.io-sat.cl
IOT AUTOMATION,,RM,,www.iotautomation.com.au
IOT CHILE,,RM,,www.iotchile.net
IPACER S.A.,,RM,,www.ipacer.cl
IPF INGENIERIA LTDA.,,RM,,www.ipfingenieria.cl
IPI LATIN AMERICA,,RM,,www.ipipackers.com
IPM S.A.,,RM,,www.ipmsa.cl
IPROTEC LTDA.,,RM,,www.iprotec.cl
IRAM CHILE S.A.,,RM,,www.iramchile.cl
IREMIN SPA,,RM,,www.iremin.cl
ISA EQUIPOS TERMICOS LTDA.,,RM,,www.isaequipostermicos.cl
ISAMIT MAQUINARIAS S.A.,,RM,,www.isamitmaquinarias.cl
ISCHEBECK CHILE S.A.,,RM,,www.ischebeckchile.cl
ISESA S.A.,,RM,,www.isesa.cl
ISOPLAST SPA,,RM,,www.isoplast.cl
ISOTOOLS CHILE,,RM,,www.isotools.cl
ISUVENT INGENIERIA SPA,,RM,,www.isuvent.com
ITAKA,,RM,,www.itamarket.cl
ITAL CHILE LTDA.,,RM,,www.ital-chile.cl
ITALMACC CHILE LTDA.,,RM,,www.italmacc.cl
ITC INGENIERIA,,RM,,www.itcingenieria.com
ITSOLUTIONS S.A.,,RM,,www.itsolutions.cl
ITT FLUID TECHNOLOGY S.A.,,RM,,www.ittindustrialproducts.com
IW INGENIERIA S.A.,,RM,,www.i-gps.com
J & A INTERNATIONAL S.A.,,RM,,www.jya.cl
J.C. MONTERO Y CIA. LTDA.,,RM,,www.jcmontero.cl
JACOL,,RM,,www.jacol.cl
JANSSEN S.A.,,RM,,www.janssen.cl
JAS PROJECTS OIL & GAS,,RM,,www.jas.com/countries/chile
JBX,,RM,,www.jbx.cl
JC SERVICIOS SPA,,RM,,www.jcs.cl
JET,,RM,,www.pinturasjet.com
JINKO SOLAR CHILE SPA,,RM,,www.jinkosolar.com
JOFACO,,RM,,www.jofaco.cl
JOHNSON CONTROLS CHILE S.A.,,RM,,www.johnsoncontrols.com/es_latinamerica
JOHNSON SCREENS S.A.,,RM,,www.johnsonscreen.com
JOMAR LTDA.,,RM,,www.jomar.cl
JORPA INGENIERIA S.A.,,RM,,www.jorpa.cl
JOY GLOBAL (CHILE) S.A.,,RM,,www.mining.komatsu/es/home
JR COMPONENTES,,RM,,www.jrcomponentes.cl
JRI INGENIERIA S.A.,,RM,,www.jri.cl
KABELCO S.A.,,RM,,www.kabelco.cl
KAESER COMPRESORES DE CHILE SPA,,RM,,www.kaeser.cl
KAME ERP,,RM,,www.kame.cl
KARCHER,,RM,,www.karcherstore.cl
KAYTRENG,,RM,,www.kaytreng.cl
KBA – IC LTDA.,,RM,,www.kba-ic.cl
KDM INDUSTRIAL,,RM,,www.kdmindustrial.cl
KENNAMETAL CHILE LTDA.,,RM,,www.kennametal.com
KEPLER,,RM,,www.keplernova.com
KEYPRO INGENIERIA,,RM,,www.keyproingenieria.com
KEYPROCESS SPA,,RM,,www.keyflot.cl
KIMBERLY CLARK PROFESSIONAL,,RM,,www.kcprofessional.cl
KIRUNA DRILLING SPA,,RM,,www.kiruna.cl
KLUBER LUBRICATION CHILE LTDA.,,RM,,www.klueber.com
KNC INGENIERIA Y MANTENCION,,RM,,www.knc.cl
KNIGHT MATERIAL TECHNOLOGIES (CHILE) LLC,,RM,,www.knightmaterials.com
KOCHI S.A.,,RM,,www.kowa.com
KOHLMET LTDA.,,RM,,www.kohlmet.cl
KOLFF S.A.,,RM,,www.kolff.cl
KOLROY,,RM,,www.kolroy.com
KOMATSU ARRIENDA,,RM,,www.komatsuarrienda.cl
KOPPMANN MEDIO AMBIENTE LTDA.,,RM,,www.koppmann.cl
KORLOY CHILE SPA,,RM,,www.korloy.com
KORTHO CHILE S.A.,,RM,,www.kortho.cl
KPMG,,RM,,www.kpmg.cl
KRAEMER Y MOHR S.A.,,RM,,www.kramoper.cl
KRAH AMERICALATINA S.A.,,RM,,www.krah.cl
KREA MINING,,RM,,www.kreamining.com
KRONOX CHILE,,RM,,www.kronoxchile.cl
KRONTEC SPA,,RM,,www.krontec.cl
KSB CHILE S.A.,,RM,,www.ksb.com/ksb-cl-es
KUADRANTE INGENIERIA,,RM,,www.kuadrante.cl
KUMERA CHILE SPA,,RM,,www.kumera.com
KUNSTMANN CHILE,,RM,,www.kunstmannchile.cl
KUPFER,,RM,,www.kupfer.cl
LABORATORIO KASEM,,RM,,www.anphoterol.com
LABTECH HEBRO LTDA.,,RM,,www.labtechhebro.cl
LADER ENERGY,,RM,,www.laderenergy.com
LAFFON EQUIPOS CONTRA INCENDIOS,,RM,,www.laffon.net
LAKELAND INDUSTRIES CHILE LTDA.,,RM,,www.lakeland.com
LAMS,,RM,,www.lams.cl
LAYEX CHILE,,RM,,www.layex.cl
LAYFLAT SPA,,RM,,www.layflat.cl
LAYHER DEL PACIFICO,,RM,,www.layher.cl
LE GRAND CHIC,,RM,,www.legrandchic.cl
LECAROS INTERNACIONAL SPA,,RM,,www.lecarosindustrial.com
LEGACY STRUCTURES SPA,,RM,,www.legacybuildingsolutions.com
LEGRAND CHILE,,RM,,www.legrand.cl
LEIS MAQUINARIAS,,RM,,www.leis.cl
LEMACO SPA,,RM,,www.lemaco.cl
LEUCA,,RM,,www.leuca.cl
LIBUS,,RM,,www.store.libus.cl
LINDE GAS CHILE S.A.,,RM,,www.linde.cl
LIPLATA LTDA.,,RM,,www.liplata.com
LIQUI MOLY CHILE S.A.,,RM,,www.liqui-moly.cl
LLORENTE INDUSTRIAL S.A.,,RM,,www.llorente.cl
LMING,,RM,,www.lming.cl
LOCKERPLUS,,RM,,www.lockerplus.cl
LOCKERS METALRADIC S.A.,,RM,,www.metalradic.cl
LOE ELECTRICIDAD,,RM,,www.loelectricidad.com
LUAGHER LTDA.,,RM,,www.luagher.cl
LUBENG CHILE SPA,,RM,,www.lubeng.cl
LUBRICANTES INDUSTRIALES,,RM,,www.lubricantesindustriales.cl
LUCAS BLANDFORD S.A.,,RM,,www.lucasblandford.cl
LUCASMAQ,,RM,,www.lucasmaq.cl
LUKSIC ZUANIC S.A.,,RM,,www.luksiczuanic.cl
LUMISOLAR LTDA.,,RM,,www.lumisolar.cl
LUREYE ELECTROMECANICA S.A.,,RM,,www.lureye.cl
LUVAL S.A.,,RM,,www.luval.cl
LYNKA CHILE,,RM,,www.lynka.net
M4TS MINING SUPPORT,,RM,,www.m4ts.cl
MACAYA RESCATE & ANTICAIDAS,,RM,,www.macayasafety.cl
MACCAFERRI CHILE LTDA.,,RM,,www.maccaferri.com
MACME LTDA.,,RM,,www.macme.cl
MACO TATTERSALL,,RM,,www.maco.cl
MACRO INGENIEROS LTDA.,,RM,,www.macroingenieros.cl
MAESTRANZA ALFAMETAL LTDA.,,RM,,www.alfametal.cl
MAESTRANZA DIESEL S.A.,,RM,,www.md.cl
MAESTRANZA E INGENIERIA LO ESPEJO S.A.,,RM,,www.mle.cl
MAESTRANZA FANARI LTDA.,,RM,,www.fanari.cl
MAESTRANZA GIGLIO LTDA.,,RM,,www.giglio.cl
MAESTRANZA ITALIA / MITALIA EQUIPOS,,RM,,www.mitaliaequipos.cl
MAESTRANZA NACIONAL LTDA.,,RM,,www.maestranzanacional.cl
MAESTRANZA RCP S.A.,,RM,,www.maestranzarcp.cl
MAESTRANZA SAN MARCO,,RM,,www.maestranzasanmarco.cl
MAESTRANZA VESPUCIO – ALVENIUS,,RM,,www.mvespucio.cl
MAESTRANZA Y CONSTRUCTORA PACIFICO LTDA.,,RM,,www.mcpchile.cl
MAESTRANZA Y GALVANIZADORA P Y P SPA,,RM,,www.maestranzapyp.cl
MAGEVA LTDA.,,RM,,www.mageva.cl
MAGIN INGENIERIA LTDA.,,RM,,www.magin.cl
MAGISTER EN GESTION Y DIRECCION DE EMPRESAS PARA LA INDUSTRIA MINERA,,RM,,www.mbamin.cl
MAGNA INDUSTRIAL,,RM,,www.magnaindustrial.cl
MAIMARA GROUP,,RM,,www.maimaragroup.cl
MAMMOET CHILE,,RM,,www.mammoet.com
MAMMOTH EQUIPMENT & EXHAUSTS,,RM,,www.mammoth.global.cl
MANEX LTDA.,,RM,,www.manex.cl
MANTEX S.A.,,RM,,www.mantex.cl
MANUFACTURA RAC LTDA.,,RM,,www.rac.cl
MAQSUR LTDA.,,RM,,www.maqsur.cl
MAQUICENTER LTDA.,,RM,,www.maquicenter.cl
MAQUIMETAL LTDA.,,RM,,www.maquimetal.cl
MAQUINARIA Y CONSTRUCCIONES RIO LOA S.A.,,RM,,www.rio-loa.cl
MAQUINARIAS INDUSTRIALES SANTIAGO LTDA.,,RM,,www.maquinariassantiago.cl
MAQUINARIAS INVERCAS LTDA.,,RM,,www.invercas.cl
MAQUINARIAS THM,,RM,,www.maquinariasthm.cl
MAQUINARIAS Y OBRAS MAQ SPA,,RM,,www.mcmaq.cl
MAQUINTEL SPA,,RM,,www.maquintel.com
MARCO INDUSTRIAL CHILE,,RM,,www.marco.cl
MARIENBERG LTDA.,,RM,,www.marienberg.cl
MARSA,,RM,,www.marsa.cl
MARSOL S.A.,,RM,,www.marsol.cl
MARTI SPA,,RM,,www.marti-latam.com
MARTIN-G,,RM,,www.martin-g.cl
MARVELKLEEN,,RM,,www.marvelkleen.cl
MAS ERRAZURIZ,,RM,,www.maserrazuriz.cl
MAS LOOP SPA,,RM,,www.masloop.cl
MASPROT,,RM,,www.masprot.cl
MASSATIERRA LTDA.,,RM,,www.massatierra.cl
MASTERFIBRA LTDA.,,RM,,www.masterfibra.cl
MASTERLOCK LTDA.,,RM,,www.masterlock.cl
MAURICIO HOCHSCHILD INGENIERIA Y SERVICIOS,,RM,,www.mhis.cl
MAXTEC,,RM,,www.maxtec.cl
MC SYSTEM SPA,,RM,,www.mcsystem.cl
MCI – TERMOFUSION,,RM,,www.mci-termofusion.cl
MCLANAHAN LATIN AMERICA SPA,,RM,,www.mclanahan.com
MCR SAFETY,,RM,,www.mcrsafety.com
ME ELECMETAL,,RM,,www.me-elecmetal.com
MECANICAD,,RM,,www.mecanicad.ca
MEGAMETAL – SWAGEFAST,,RM,,www.megametal.cl
MEGAMIN S.A.,,RM,,www.megamin.cl
MELON HORMIGONES S.A.,,RM,,www.melon.cl
MEMBRANTEC S.A.,,RM,,www.membrantec.cl
MENNEKES,,RM,,www.guerrel.cl
MERIDIAN SERVICIOS GEOMATICOS,,RM,,www.serviciosgeomaticos.com
MERSUD SPA,,RM,,www.mersud.cl
METACONTROL INGENIEROS LTDA.,,RM,,www.metacontrol.cl
METAL COATING,,RM,,www.metalcoating.cl
METALBOX LTDA.,,RM,,www.metalbox.cl
METALDOOR,,RM,,www.metaldoor.cl
METALEX,,RM,,www.metalex.cl
METALGAM,,RM,,www.metalgam.cl
METALMECANICA ACIERS LTDA.,,RM,,www.aciers.cl
METAPROJECT,,RM,,www.metaproject.cl
METATRON,,RM,,www.metatron.cl
METCOM CHILE,,RM,,www.metcomchile.cl
METRICA,,RM,,www.metrica.cl
METROPLEX SPA,,RM,,www.metroplex.cl
MICROGEO,,RM,,www.microgeo.cl
MIGTRA,,RM,,www.migtra.com
MILE S.A.,,RM,,www.mile.cl
MILWAUKEE TOOL,,RM,,www.milwaukeetool.com
MIMASOFT,,RM,,www.https://mimasoft.cl/
MINABAS SERVICIOS MINEROS SPA,,RM,,www.minabas.cl
MINCORE,,RM,,www.mincore.cl
MINDUGAR,,RM,,www.mindugar.cl
MINE TRUST,,RM,,www.minetrust.com
MINEARC SYSTEMS S.A.,,RM,,www.minearcusa.com
MINESERV,,RM,,www.mineserv.cl
MINETEC S.A.,,RM,,www.minetec.cl
MINETECH CHILE SPA,,RM,,www.minetech.com.ar
MINING TAG,,RM,,www.miningtag.cl
MINNOVEX AG,,RM,,www.minnovex.cl
MINTRAL LTDA.,,RM,,www.mintral.cl
MIRS ROBOTICS SOLUTION S.A.,,RM,,www.mirsrobotics.com
MITSUBISHI MOTORS – MMC CHILE S.A.,,RM,,www.mitsubishi-motors.cl
MITTA,,RM,,www.mitta.cl
MLT GROUP,,RM,,www.mlt-lacing.com/es
MMD MINERAL SIZING CHILE,,RM,,www.mmdsizers.com
MODULAR MINING SYSTEMS INC. Y CIA.,,RM,,www.modularmining.com
MODULOS S.A.,,RM,,www.modulos.cl
MONITOREASS,,RM,,www.monitoreass.cl
MONITORING SPA,,RM,,www.monitoring.cl
MORGAN EMPRESAS,,RM,,www.morganst.cl
MORVAL CHILE,,RM,,www.morval.cl
MOVISTAR EMPRESAS,,RM,,www.movistar.cl/empresas
MOVITEC,,RM,,www.movitec.cl
MP CONVEYOR,,RM,,www.mpconveyor.cl
MSA GEO CONSULTORES,,RM,,www.msageoconsultores.com
MSMIN,,RM,,www.msmin.cl
MSP GROUP,,RM,,www.mspgroup.cl
MST GLOBAL,,RM,,www.mstglobal.com
MULTIACEROS S.A,,RM,,www.multiaceros.cl
MULTICAL INGENIERIA Y CONSTRUCCION LTDA.,,RM,,www.multical.cl
MULTIFIBRAS S.A.,,RM,,www.multifibrassa.cl
MULTOTEC CHILE S.A.,,RM,,www.multotec.com
MUNDOPLAST SPA,,RM,,www.mundoplast.cl
MYMA LTDA.,,RM,,www.myma.cl
NATURAL ENERGY,,RM,,www.naturalenergy.cl
NCL INGENIERIA Y CONSTRUCCION SPA,,RM,,www.ncl.cl
NEED SOLUTIONS LTDA.,,RM,,www.needsolutions.cl
NEOELECTRA,,RM,,www.neoelectra.cl
NEOZET,,RM,,www.neozet.com
NETAFIM RIEGOSISTEMAS,,RM,,www.riegosistemas.cl
NETMIN RED SOCIAL DE LA MINERIA,,RM,,www.netmin.cl
NEURONET,,RM,,www.neuronet.cl
NEW PROCESS,,RM,,www.newprocess.click
NEW TECH COPPER,,RM,,www.ntc.cl
NEWENCHE,,RM,,www.newenche.cl
NEXCLIMA,,RM,,www.nexclima.com
NEXTWAY,,RM,,www.nextway.cl
NEXUS LOGISTICS,,RM,,www.nexuslogistics.com
NIBSA S.A.,,RM,,www.nibsa.com
NICOLAIDES FILTRACION S.A.,,RM,,www.nicolaides.cl
NILFISK S.A.,,RM,,www.new.nilfisk.cl
NISSAN CHILE SPA,,RM,,www.nissan.cl
NLT CHILE,,RM,,www.nltinc.cl
NOFERMAQ LTDA.,,RM,,www.nofermaq.cl
NOKIA,,RM,,www.nokia.com/es
NOMADE CHILE,,RM,,www.nomadechile.cl
NORACID,,RM,,www.noracid.cl
NORCAT,,RM,,www.norcat.org
NORD-LOCK GROUP,,RM,,www.nord-lock.com
NORDIC HANDS SPA – DYNASET CHILE,,RM,,www.nordich.cl
NORSEG,,RM,,www.norseg.cl
NORVAL LTDA.,,RM,,www.norval.cl
NOVA SEGURIDAD LTDA.,,RM,,www.novaseguridad.cl
NOVATECH SPA,,RM,,www.novatech.cl
NOVOPLAST / TUBERIAS DE PVC – HDPE,,RM,,www.novoplast.cl
NSK BRASIL LTDA.,,RM,,www.nsk.com.br/chile
NUEVA ANDIMAR VIP,,RM,,www.andimar.cl
NUEVO CAPITAL,,RM,,www.nuevocapital.cl
O-TEK INTERNATIONAL,,RM,,www.o-tek.com
OCEANUS ENERGIA & AGUA SUDAMERICA,,RM,,www.oceanus.pw
OCTOPUS MINING,,RM,,www.octopusmining.com
OCTOPUSS,,RM,,www.octopuss.cl
ODIS SPA,,RM,,www.odis.cl
OGM MECANICA INTEGRAL S.A.,,RM,,www.ogm.cl
OMAMET,,RM,,www.omamet.cl
OMEGA SERVICIOS,,RM,,www.omserv.com
OPEN WORLD LATAM,,RM,,www.openworldlatam.com
OPENCHANNELS,,RM,,www.openchannels.cl
ORACLE DE CHILE S.A.,,RM,,www.oracle.com
ORBINOX CHILE,,RM,,www.orbinox.com
ORBIT GARANT CHILE S.A.,,RM,,www.orbitgarant.cl
ORBITEK PROJECTS S.A.,,RM,,www.orbitek.cl
ORCO INGENIERIA LTDA.,,RM,,www.orco.cl
ORE MAX,,RM,,www.ore-max.com
ORION 2000 S.A.,,RM,,www.solucionesorion.com
ORPAK LATINA SPA,,RM,,www.orpak.com
ORYXEIO LTDA.,,RM,,www.oryxeio.com
OSSA OBRAS SUBTERRANEAS,,RM,,www.ossaint.com
OTIC ASIMET,,RM,,www.oticasimet.cl
OTRECYCLING,,RM,,www.otrecycling.cl
OVERSEAS LOGISTICS CHILE S.A.,,RM,,www.olc.cl
OXIQUIM S.A.,,RM,,www.oxiquim.com
OXYCHILE,,RM,,www.oxychile.cl
P & E SOLUCIONES INDUSTRIALES LTDA.,,RM,,www.grupopye.com
PACIFIC HYDRO CHILE,,RM,,www.pacifichydro.co
PACIFIC RESOURCES SPA,,RM,,www.pacificresources.cl
PANALYTICAL INC.,,RM,,www.panalytical.com
PARES&ALVAREZ INGENIEROS ASOCIADOS,,RM,,www.pya.cl
PARKER HANNIFIN CORPORATION CHILE,,RM,,www.parker.com
PATEL LTDA.,,RM,,www.patel.cl
PATERSON & COOKE CHILE,,RM,,www.patersoncooke.com
PEIDE INTERNATIONAL,,RM,,www.peideinternational.com
PELICANO SOLAR,,RM,,www.pelicanosolar.cl
PELIKAN GROUP,,RM,,www.pelikan-group.cl
PERFECT TECNOLOGIE CHILE S.A.,,RM,,www.snapon.cl
PERFIMET S.A.,,RM,,www.perfimet.cl
PERFOEXPRESS,,RM,,www.perfoexpress.cl
"PERFOFER, FERRETERIA DEL PERFORADOR",,RM,,www.perfofer.cl
PERI CHILE LTDA.,,RM,,www.peri.cl
PESCO S.A.,,RM,,www.pesco.cl
PETRINOVIC CENTRO DE EVALUACIONES,,RM,,www.petrinovic.cl
PETROFLEX,,RM,,www.petroflex.cl
PETROLINE S.A.,,RM,,www.petroline.cl
PETROMIN,,RM,,www.petromin.cl
PFENNIGER,,RM,,www.pfenniger.cl
PH INGENIERIA LTDA.,,RM,,www.phingenieria.cl
PHOENIX CONTACT CHILE S.A.,,RM,,www.phoenixcontact.cl
"PIDDO, JORGE PIDDO Y CIA. LTDA.",,RM,,www.piddo.com
PIMASA S.A.,,RM,,www.pimasa.com
PINGON,,RM,,www.pingon.cl
PIPELINE INTELLIGENCE SPA,,RM,,www.pipelint.com
PISTON HYDRAULICS OF CANADA LTDA.,,RM,,www.phc.cl
PITEAU ASSOCIATES CHILE SPA,,RM,,www.piteau.com
PIZARREÑO S.A.,,RM,,www.pizarreno.cl
PLAINHILL,,RM,,www.plainhill.com
PLASTICENTRO,,RM,,www.plasticentro.cl
PLASTICO ALEMAN SOC. LTDA.,,RM,,www.plasticoaleman.cl
PLASTICOS FILMAMERICA LTDA.,,RM,,www.filmamerica.cl
PLASTICOS HADDAD S.A.,,RM,,www.haddad.cl
PLASTIGEN SPA,,RM,,www.plastigen.cl
PLASTIQUIMICA LTDA.,,RM,,www.plastiquimica.cl
PLASTYVERG S.A.,,RM,,www.plastyverg.cl
PLC TEKNICA LTDA.,,RM,,www.plcteknica.cl
PLUSMINING,,RM,,www.plusmining.com
PM CHILE SPA,,RM,,www.pm-latinamerica.com
"PME, PROJECT & MAINTENANCE ENGINEERING",,RM,,www.pme.cl
PMIES,,RM,,www.pmies.cl
POCHTECA CHILE S.A.,,RM,,https://chile.pochteca.net/
POLIFUSION S.A.,,RM,,www.polifusion.cl
POLIMET,,RM,,www.polimet.cl
POLIMIN LTDA.,,RM,,www.polimin.com
POLITEC S.A.,,RM,,www.femoglas.com
POLITRANS GEOLINER,,RM,,www.geoliner.cl
POLYBANDAS LTDA.,,RM,,www.polybandas.cl
POLYDECK CHILE LTDA.,,RM,,www.polydeck.com
POLYMERSHAPES,,RM,,www.polymerland.cl
POLYTEX S.A.,,RM,,www.polytex.cl
POLYTRADE S.A.,,RM,,www.polytrade.cl
PORTLAND S.A.,,RM,,www.portland.cl
POSITION INVERSIONES TECNOLOGICAS S.A.,,RM,,www.position.cl
POWER TRAIN TECHNOLOGIES,,RM,,www.powertraingroup.com
POZOS PROFUNDOS,,RM,,www.pozos.cl
PPE LTDA.,,RM,,www.ppe.cl
PPG CHILE,,RM,,www.ppg.com
"PPI, PRECISION PULLEY & IDLER CHILE",,RM,,www.ppipella.com
PR POLYMERS S.A.,,RM,,www.prpolymers.com
PRATTO LTDA.,,RM,,www.pratto.cl
PRECISION S.A.,,RM,,www.precision.cl
PREFABRICADOS BUDNIK S.A.,,RM,,www.prefabricadosbudnik.cl
PREFABRICADOS DE HORMIGON GRAU,,RM,,www.grau.cl
PREFAST,,RM,,www.prefast.cl
PREIN CHILE,,RM,,www.preinchile.cl
PRISA DEPOT,,RM,,www.prisa.cl
PRO-TG LTDA.,,RM,,www.pro-tg.com
PROACTIVEOFFICE Y CIA. LTDA.,,RM,,www.proactiveoffice.com
PROASIN SPA,,RM,,www.proasin.cl
PROCARROS,,RM,,www.procarros.cl
PROCAUCHO LTDA.,,RM,,www.procaucho.cl
PROCEMAX,,RM,,www.procemax.com
PROCESA S.A.,,RM,,www.procesa.cl
PRODALAM,,RM,,www.prodalam.cl
PRODALUM S.A.,,RM,,www.prodalum.cl
PRODINSA S.A.,,RM,,www.bridon-bekaert.com
PROGRESO S.A.,,RM,,www.progreso.cl
PROINDAR S.A.,,RM,,www.proindar.cl
PROING INGENIERIA S.A.,,RM,,www.proingingenieria.cl
PROINGAS S.A.,,RM,,www.proingas.cl
PROMAT CHILE S.A.,,RM,,www.pizarreno.cl
PROMET,,RM,,www.promet.cl
PRONECT SPA,,RM,,www.pronect.cl
PROPIPE S.A.,,RM,,www.propipe.cl
PROQUIEL QUIMICOS SPA,,RM,,www.proquiel.cl
PROQUIMICA S.A.,,RM,,www.proquimica.com
PROSOL AMERICA,,RM,,www.prosolchile.cl
PROSOL S.A.,,RM,,www.prosolsa.cl
PROVALTEC,,RM,,www.provaltec.cl
PROVIN LTDA.,,RM,,www.provin.cl
PROVINCO S.A.,,RM,,www.provinco.cl
PROWINCH SPA,,RM,,www.prowinch.cl
PRS GEO–TECHNOLOGIES CHILE,,RM,,www.prs-med.com
PSC INGENIERIA,,RM,,www.pscingenieria.com
PSEI LTDA.,,RM,,www.psei.cl
PSINET,,RM,,www.psinet.cl
PUCARA S.A.,,RM,,www.pucara-sa.cl
PULLMAN INDUSTRIAL,,RM,,www.pullman.cl
PUMA S.A.,,RM,,www.pugamujica.cl
PUNTOSUR,,RM,,www.puntosur.cl
PUTZMEISTER UNDERGROUND,,RM,,www.beka.cl
QUANT SERVICE,,RM,,www.quantservice.com
QUILIN,,RM,,www.quilin.cl
QUIMETAL,,RM,,www.quimetal.cl
QUIMICA ANDINA CHILE S.A.,,RM,,www.epothan.cl
QUIMICA DEL SUR Y CIA. LTDA.,,RM,,www.quimicadelsur.cl
QUIMICA INDUSTRIAL SPES S.A.,,RM,,www.spes.com
QUINTA INGENIERIA,,RM,,www.quintaempresas.com
R & R E HIJOS Y CIA. LTDA.,,RM,,www.belzona.cl
R-P VALVULAS Y EQUIPOS INDUSTRIALES LTDA.,,RM,,www.rotaryvalves.cl
RADIADORES GALLARDO LTDA.,,RM,,www.radiadoresgallardo.cl
RADIADORES SANTO DOMINGO LTDA.,,RM,,www.sandora.cl
RAFER LTDA.,,RM,,www.rafer.cl
RAICO S.A.,,RM,,www.raico.cl
RAINBOW CUBITS,,RM,,www.formaexpo.cl
RAYLEX DIGINET S.A.,,RM,,www.raylex.cl
RAYO INGENIERIA LTDA.,,RM,,www.rayoingenieria.cl
RAYTAN,,RM,,www.raytan.cl
RCM MODULAR CHILE S.A.,,RM,,www.rcmmodular.cl
RDI S.A.,,RM,,www.rdi.cl
RECMAQ LTDA.,,RM,,www.recmaq.cl
REDCO LTDA.,,RM,,www.redcoglobal.com
REDPATH CHILENA,,RM,,www.redpathmining.com
REDUZE INGENIERIA SPA,,RM,,www.reduze.cl
REFLEX INSTRUMENTS SOUTH AMERICA,,RM,,www.reflexinstruments.com
REFRACTARIOS IUNGE LTDA.,,RM,,www.iunge.cl
REFRACTARIOS REFAL LTDA.,,RM,,www.refal.cl
REFRICENTRO S.A.,,RM,,www.refricentro.cl
"REFTEC, REFINING TECHNOLOGIES S.A.",,RM,,www.reftec.cl
REGAL REXNORD,,RM,,www.regalrexnord.com
REGEMAC S.A.,,RM,,www.regemac.cl
REICAL LTDA.,,RM,,www.reical.cl
REICH INGENIERIA,,RM,,www.reichingenieria.cl
REICH LTDA.,,RM,,www.reich.cl
REICOTEX TECNOLOGIA,,RM,,www.reicotex.cl
REIFOX,,RM,,www.reifox.cl
REIMAQ Y CIA. LTDA.,,RM,,www.reimaq.cl
REINIKE S.A.,,RM,,www.reinike.cl
RELAF REPRESENTACIONES,,RM,,www.relaf.cl
RELIABLE NUEVA ENERGIA (RNE),,RM,,www.reliable.cl
RELIPER,,RM,,www.reliper.cl
REMATES MACAL LTDA.,,RM,,www.macal.cl
REMATES RIVAS,,RM,,www.rematesrivas.cl
REMATES SAN ISIDRO,,RM,,www.rematesanisidro.cl
REMBRE SPA,,RM,,www.rembre.cl
RENNER COATINGS CHILE SPA,,RM,,www.rennercoatings.cl
RENOVALIA ENERGY CHILE,,RM,,www.renovalia.com
RENTACLIMA S.A.,,RM,,www.rentaclima.cl
RENTOKIL INITIAL CHILE SPA,,RM,,www.rentokil-initial.cl
REPACAR LTDA.,,RM,,www.repacar.cl
REPERPLAST LTDA.,,RM,,www.reperplast.cl
REPES LTDA.,,RM,,www.repes.cl
REPMIN SPA,,RM,,www.repmin.net
RESITER S.A.,,RM,,www.resiter.cl
REVESOL SPA,,RM,,www.revesol.cl
REYESMAQ LTDA.,,RM,,www.reyesmaq.cl
REYSAN S.A.,,RM,,www.reysan-chile.cl
RFID CHILE LTDA.,,RM,,www.rfid.cl
RGM MALLAS DE ALAMBRE LTDA.,,RM,,www.rgm.cl
RHEEM,,RM,,www.rheemchile.cl
RHEINTEK CHILE LTDA.,,RM,,www.rheintek-la.com
RHI CHILE S.A.,,RM,,www.rhimagnesita.com
RIGHTCOM,,RM,,www.rightcom.cl
RIMUT LTDA.,,RM,,www.rimut.cl
RINOL HORMIPUL CHILE S.A.,,RM,,www.rinolhormipul.cl
RITTAL ELECTROMECANICOS LTDA.,,RM,,www.rittal.cl
RIVET LTDA.,,RM,,www.rivet.cl
RJR SALAR,,RM,,www.rjrlithium.cl
RMC OLEOHIDRAULICA S.A.,,RM,,www.rmcoleohidraulica.cl
RMD KWIKFORM CHILE S.A.,,RM,,www.rmdkwikform.com
RMH SPA,,RM,,www.rmh.cl
ROBERT WALTERS,,RM,,www.robertwalters.cl
ROBOMOTIC CHILE,,RM,,www.robomotic.cl
ROCKBLAST,,RM,,www.rockblast.cl
ROCKWELL AUTOMATION CHILE S.A.,,RM,,www.rockwellautomation.cl
RODAMENDEZ LTDA.,,RM,,www.rodamendez.cl
RODAMIENTOS BRINCK LTDA.,,RM,,www.rodamientosbrinck.cl
RODAMIENTOS INDUSTRIALES LTDA.,,RM,,www.rodamientosindustriales.cl
RODAMIENTOS PIERA LTDA.,,RM,,www.prtp.cl
RODASTOCK,,RM,,www.rodastock.cl
ROLLER GROUP LTDA.,,RM,,www.rollergroup.cl
ROSSEL LIGETI,,RM,,www.rossel-ligeti.com
ROTHO BLAAS CHILE SPA,,RM,,www.rothoblaas.es
ROTOTERC HELICOPTERS,,RM,,www.rototerc.cl
ROYAL TEC CHILE,,RM,,www.royaltec.com.pe
RPI S.A.,,RM,,www.rpichile.cl
RTHO ELEKTRISCHE,,RM,,www.rtho.com
RUD LIFTING & ENGINEERING CHILE SPA,,RM,,www.rud.com
RUGGEDTECH,,RM,,www.ruggedtechla.com
RUHRPUMPEN CHILE LTDA.,,RM,,www.ruhrpumpen.com
RUSSELL MINERAL EQUIPMENT,,RM,,www.rmeglobal.com
"S-3, SAFETY & SECURITY SERVICES",,RM,,www.s-3.cl
S-ENERGY CHILE,,RM,,www.s-energy.com
SAAVEDRA Y ABALO M&S LTDA.,,RM,,www.msltda.cl
SACEEM LTDA.,,RM,,www.saceem.cl
SACK,,RM,,www.sack.cl
SACYR CHILE,,RM,,www.sacyr.com
SAFEDRILL,,RM,,www.safedrill.com
SAFEMAP LATINOAMERICA LTDA.,,RM,,www.safemap.com
SAFETY MIND,,RM,,www.safetymind.ai
SAFI AMERICA SPA,,RM,,www.safi-america.com
SAFIRA ENERGIA,,RM,,www.safiraenergia.cl
SAFRI DU CHILE S.A.,,RM,,www.safridu.cl
SAGEMAR,,RM,,www.sagemar.cl
SAIME SG CHILE,,RM,,www.saime-sg.cl
SAINT-GOBAIN CANALIZACION CHILE S.A.,,RM,,www.sgpam.com.ar
SAJONIA LTDA.,,RM,,www.socomsa.cl
SAL ALPINA,,RM,,www.salalpina.cl
SALAS HNOS.,,RM,,www.salasing.cl
SALFA CORP S.A.,,RM,,www.salfacorp.com
SALFA MONTAJES S.A.,,RM,,www.salfamontajes.com
SALFAVEL COMERCIAL S.A.,,RM,,www.salfavel.cl
SALMAG,,RM,,www.salmag.com
SALTEC ENGINEERING SPA,,RM,,www.saltec.de
SAM SPA,,RM,,www.samspa.cl
SAMSON CONTROLS S.A.,,RM,,www.samson.cl
SAMTECH S.A.,,RM,,www.samtech.cl
SANBI EQUIPOS S.A.,,RM,,www.sanbi.cl
SANDIMAN S.A.,,RM,,www.sandiman.cl
SANDORA LTDA.,,RM,,www.sandora.cl
SANDVIK CHILE S.A.,,RM,,www.home.sandvik/es-la/
SANTA ELVIRA S.A.,,RM,,www.tse.cl
SANTERNO CHILE SPA,,RM,,www.enertronicasanterno.it
SAP ARIBA CHILE,,RM,,www.ariba.com
SAP CHILE LTDA.,,RM,,www.sap.com
SARGENT S.A.,,RM,,www.sargentchile.cl
SAROEN GLOBAL CHILE,,RM,,www.saroenglobal.com
SAX SOLUCIONES ANALITICAS SPA,,RM,,www.sax.cl
SCADATECH LTDA.,,RM,,www.scadatech.cl
SCEM LTDA.,,RM,,www.scemlatam.com
SCHARFSTEIN S.A.,,RM,,www.scharfstein.cl
SCV SOLUTIONS S.A.,,RM,,www.empresas-scv.com
SEDGMAN,,RM,,www.sedgman.com
SEGACY SPA,,RM,,www.segacy.com
SEGURYCEL,,RM,,www.segurycel.cl
SEING INGENIERIA SPA,,RM,,www.seing.cl
SENAVIN SPA,,RM,,www.senavin.cl
SENEGOCIA,,RM,,www.senegocia.com
SENER,,RM,,www.sener.es
SERBO LTDA.,,RM,,www.serbo.cl
SERGENIN FILTROS Y COMPRESORES,,RM,,www.sergenin.cl
SERMINSA S.A.,,RM,,www.serminsa.cl
SERPRAM S.A.,,RM,,www.serpram.cl
SERPROGRUAS,,RM,,www.serprogruas.com
SERVIALL,,RM,,www.serviall.cl
SERVICIOS AUSTRAL SANTIAGO S.A.,,RM,,www.serviciosaustral.cl
SERVICIOS TIRREAU Y CIA. LTDA.,,RM,,www.tirreau.cl
SERVIGE SPA,,RM,,www.servige.cl
SERVITECH SPA,,RM,,www.servitechspa.cl
SEVEN SEAS WATER CHILE SPA,,RM,,www.sevenseaswater.com/es/
SEW EURODRIVE CHILE LTDA.,,RM,,www.sew-eurodrive.cl
SFM GROUP,,RM,,www.sfmgroup.cl
SHAW ALMEX CHILE SPA,,RM,,almex.com
SICOMAQ LTDA.,,RM,,www.sicomaq.cl
SID SERVICIOS INTEGRALES DIESEL,,RM,,www.sidchile.cl
SIDEI INGENIEROS LTDA.,,RM,,www.sidei.cl
SIDEPLA S.A.,,RM,,www.sidepla.cl
SIEMENS GAMESA,,RM,,www.siemensgamesa.com
SIEMENS S.A.,,RM,,www.siemens.cl
SIERRALTA PCI,,RM,,www.comercialsierralta.cl
SIGDOTEK S.A.,,RM,,www.sigdotek.cl
SIJAR LTDA.,,RM,,www.sijar.cl
SIKA S.A. CHILE,,RM,,www.sika.cl
SIMELCO INGENIERIA LTDA.,,RM,,www.simelco.cl
SIMET,,RM,,www.simet.cl
SIMTECH COATINGS LTDA.,,RM,,www.simtech-coatings.cl
SIMTECH LTDA.,,RM,,www.simtech.cl
SITRANS LTDA.,,RM,,www.mintral.cl
SIVETEC LTDA.,,RM,,www.sivetec.cl
SIXBELL,,RM,,www.sixbell.com
SK COMERCIAL,,RM,,www.skc.cl
SK RENTAL,,RM,,www.skrental.com
SKC MAQUINARIAS S.A.,,RM,,www.skcmaquinarias.cl
SMETAL BY SITT SPA,,RM,,www.smetalchile.cl
SMT SCHARF SUDAMERICA SPA,,RM,,www.smtscharf.com
SNC-LAVALIN CHILE S.A.,,RM,,www.snclavalin.com
SNF CHILE,,RM,,www.snfchile.com
SOBITEC SPA,,RM,,www.sobitec.com
SOCADIN,,RM,,www.socadin.cl
SOCIAL CAPITAL GROUP,,RM,,www.s-c-g.net
SOCIEDAD PUNTA DE LOBOS,,RM,,www.spl-latam.com
SOCODREN SPA,,RM,,www.socodren.com
SODERIN SOLUTIONS,,RM,,www.soderin.cl
SODIMAC,,RM,,www.sodimac.cl
SOINDUS,,RM,,www.soindus.cl
SOLARPACK CHILE LTDA.,,RM,,www.solarpack.es
SOLARRESERVE CHILE LTDA.,,RM,,www.solarreserve.com
SOLDYMAT,,RM,,www.soldymat.cl
SOLEK CHILE HOLDING SPA,,RM,,www.solek.com/es
SOLENOR S.A.,,RM,,www.solenor.cl
SOLGELEC LTDA.,,RM,,www.solgelec.cl
SOLMETALFA,,RM,,www.solmetalfa.cl
SOLTEC CHILE,,RM,,www.soltecchile.cl
SOLTEX,,RM,,www.soltex.cl
SOMACOR S.A.,,RM,,www.somacorchile.cl
SOMMERGROUP,,RM,,www.sommergroup.com
SOMYL S.A.,,RM,,www.somyl.com
SONAMET LTDA.,,RM,,www.sonamet.cl
SONDAJES SPA,,RM,,www.sondagua.cl
SONNEDIX CHILE HOLDING SPA,,RM,,www.sonnedix.com
SOPORTA LTDA.,,RM,,www.soporta.cl
SOPROCAL CALERIAS E INDUSTRIAS S.A.,,RM,,www.soprocal.cl
SOTRASER S.A.,,RM,,www.sotraser.cl
SOURCING SPA,,RM,,www.sourcing.cl
SOUTH MINING SUPPLY S.A.,,RM,,www.southminingsupply.cl
SOUTHLINK LTDA.,,RM,,www.southlink.cl
SOVIQUIM LTDA.,,RM,,www.soviquim.cl
SPARBER CHILE S.A.,,RM,,www.sparbergroup.com
SPHERA ENERGY,,RM,,www.spheraenergy.com
SPINTEK LTDA.,,RM,,www.spintecnologies.cl
SPLIT ENGINEERING CHILE,,RM,,www.spliteng.com
SPM INGENIEROS S.A.,,RM,,www.spm-ing.com
SPRAYING SYSTEMS,,RM,,www.spray.com.mx
SPX CHILE LTDA.,,RM,,www.spxflow.com
SQ EMPRESAS,,RM,,www.sqempresas.com
SSAB CHILE,,RM,,www.ssab.lat
SUBSOLE SERVICIOS LTDA.,,RM,,www.subsoleservicios.cl
SUBTERRA MAQUINARIA MINERA S.A.,,RM,,www.subterramineria.cl
SUBTERRANEA,,RM,,www.subterranea.cl
SUEZ MEDIOAMBIENTE CHILE,,RM,,www.suez-america-latina.com
SULZER BOMBAS CHILE LTDA.,,RM,,www.sulzer.com
SUMINOX LTDA.,,RM,,www.suminox.cl
SUMITOMO DRIVE TECHNOLOGIES,,RM,,www.sumitomodrive.com
SUN S.A.,,RM,,www.sunsa.cl
SUNWORK PROTECCION SOLAR PROFESIONAL,,RM,,www.sunwork.cl
SUPERBID,,RM,,www.superbid.cl
SUPEREX S.A.,,RM,,www.superex.cl
SUPERMERCADO DEL NEUMATICO LTDA.,,RM,,www.sdn.cl
SUPPLYNET SPA,,RM,,www.supplynet.cl
SURAC,,RM,,www.surac.cl
SURPLAST SPA,,RM,,www.surplast.cl
SURTIVENTAS,,RM,,www.surtiventas.cl
SUSTENTABLE S.A.,,RM,,www.sustentable.cl
SVENDBORG BRAKES,,RM,,www.svendborg-brakes.com
SWANSON HIDROCROM S.A.,,RM,,www.swansonindustries.com
SWEDMAQ S.A.,,RM,,www.swedmaq.cl
SYNTEC INGENIERIA,,RM,,www.syntec.cl
SYSTEC S.A.,,RM,,www.systecsa.cl
SYSTEME S.A.,,RM,,www.systeme.cl
TAC COMMUNICATION S.A.,,RM,,www.tac.cl
TAILPRO CONSULTING,,RM,,www.tailpro.com
TAJIMA LTDA.,,RM,,www.tajima.cl
TANDEM S.A.,,RM,,www.tandemindustrial.cl
TARCO,,RM,,www.tarco.cl
TARGET DDI,,RM,,www.target-ddi.cl
TARPULIN,,RM,,www.tarpulin.cl
TASSAROLI CHILE LTDA.,,RM,,www.tassaroli.com.ar
TASTETS SYSTEM,,RM,,www.redd.cl
TATTERSALL GESTION DE ACTIVOS,,RM,,www.tattersallgda.cl
TATTERSALL MAQUINARIAS S.A.,,RM,,www.tattersall-maquinarias.cl
TAYLOR AUTOMATIZACION S.A.,,RM,,www.taylorsa.cl
TCHEM,,RM,,www.tchem.cl
TDM CHILE,,RM,,www.tdmchile.cl
TEC PIPE,,RM,,www.tecpipe.com
TEC RAPOL LTDA.,,RM,,www.tecrapol.com
TECAM GROUP,,RM,,www.tecamgroup.com
TECBOLT S.A.,,RM,,www.fijaciones.com
TECFLUID S.A.,,RM,,www.tecfluid.cl
TECFOR LTDA.,,RM,,www.tecfor.cl
TECHINT INGENIERIA Y CONSTRUCCION,,RM,,www.techint.com
TECHMIN LTDA.,,RM,,www.techminltda.cl
TECHNO DRIVE CENTER S.A.,,RM,,www.technodrive.cl
TECHNOLOGICAL MINING SOLUTIONS SPA,,RM,,www.techminings.com
TECHNOSTEEL,,RM,,www.technosteel.cl
TECHVALUE INDUSTRIAL IT SOLUTIONS,,RM,,www.techvalue.cl
TECMA CHILENA S.A.,,RM,,www.tecmachilena.cl
TECNAGENT Y SIGSIG S.A.,,RM,,www.tecnagent.com
TECNAL,,RM,,www.tecnal.cl
TECNASIC,,RM,,www.tecnasic.cl
TECNICA HANSA LTDA.,,RM,,www.tecnicahansa.cl
TECNICABLES LTDA.,,RM,,www.tecnicables.cl
TECNICAS REUNIDAS CHILE,,RM,,www.tecnicasreunidas.es
"TECNICOR, RAUL TAGLE E HIJOS LTDA.",,RM,,www.tecnicor.cl
TECNIGEN S.A.,,RM,,www.tecnigen.cl
TECNIPAK LTDA.,,RM,,www.tecnipak.com
TECNISA CHILE LTDA.,,RM,,www.tecnisa.cl
TECNISEC,,RM,,www.tecnisec.cl
TECNISOLD LTDA.,,RM,,www.tecnisold.cl
TECNO BOGA COMERCIAL LTDA.,,RM,,www.tecnoboga.cl
TECNO CONTROL,,RM,,www.tecnocontrol.cl
TECNO DIAM LTDA.,,RM,,www.tecnodiam.cl
TECNO FAST ATCO S.A.,,RM,,www.tecnofast.cl
TECNOGRUAS,,RM,,www.tecnogruas.cl
TECNOLOGIA INTEGRAL S.A.,,RM,,www.tecintegral.cl
TECNOVALVE IMPORTACIONES LTDA.,,RM,,www.tecnovalve.cl
TECNOVE CHILE,,RM,,www.tecnove.com
TECNOVIAL S.A.,,RM,,www.tecnovial.cl
TECPIPE S.A.,,RM,,www.tecpipe.com
"TECPROL, TECNOLOGIA DE PROCESOS LTDA.",,RM,,www.tecprol.cl
TECPROMIN S.A.,,RM,,www.tecpromin.cl
TECSIS,,RM,,www.tecsis.cl
TECVAL S.A.,,RM,,www.tecval.cl
TECWISE & TERRA INSIGHTS,,RM,,www.tecwiselatam.com
TEHMCO S.A.,,RM,,www.tehmco.cl
TEK CHILE S.A.,,RM,,www.tekchile.cl
TEKFUSION S.A.,,RM,,www.tekfusion.cl
TEKNICA,,RM,,www.teknica.cl
TEKNOR LTDA.,,RM,,www.teknor.cl
TEKNORIEGO SOLUCIONES AMBIENTALES SPA,,RM,,www.teknoriego.cl
TEKSA SPA,,RM,,www.teksa.cl
TEKWATER SPA,,RM,,www.tekwater.cl
TELEMET,,RM,,www.telemet.com
TEMAC S.A.,,RM,,www.temac.cl
TEMPEL CHILE,,RM,,www.tempelgroup.com
TENSACON,,RM,,www.tensacon.cl
TENSOCRET,,RM,,www.tensocret.cl
TERMO EQUIPOS SPA,,RM,,www.termoequipos.cl
TERMOCHEMICAL LATINAMERICA S.A.,,RM,,www.termochemical.cl
TERMODINAMICA LTDA.,,RM,,www.termodinamica.cl
TERMOFUSION SIPLAS,,RM,,www.siplas.cl
TERMOMETALURGICA SPA,,RM,,www.termometalurgica.cl
TERMOMIN LTDA.,,RM,,www.termomin.com
TERMOPRO SPA,,RM,,www.termopro.cl
TERMOVENT LTDA.,,RM,,www.termovent.cl
TERRA NOVA TECHNOLOGIES (TNT),,RM,,www.tntinc.com
TERRASAT S.A.,,RM,,www.terrasat.cl
TERRASERVICE S.A.,,RM,,www.terraservice.cl
TERSACON,,RM,,www.tersacon.com
TERSAINOX,,RM,,www.tersainox.com
TESACOM,,RM,,www.tesacom.net
"TESSA, TOTAL ENGINEERING SERVICES S.A.",,RM,,www.tessa.cl
TETRAMET S.A.,,RM,,www.tetramet.cl
TEXORA,,RM,,www.texora.cl
TEXPRO S.A.,,RM,,www.texpro.cl
TEZMAN CHILE SPA,,RM,,www.tezman.cl
THEJO,,RM,,www.thejo.cl
THERMAL ENGINEERING LTDA.,,RM,,www.thermal.cl
THIESS CHILE SPA,,RM,,www.thiess.com
THYSSENKRUPP INDUSTRIAL SOLUTIONS (CHILE),,RM,,www.tkic.cl
TIAR LTDA.,,RM,,www.tiar.cl
TIERRA ARMADA CHILE S.A.,,RM,,www.tierra-armada.cl
TIERRA REFORZADA CHILE S.A.,,RM,,www.tierrareforzada.cl
TIEX,,RM,,www.tiex.cl
TIGRE ADS DE CHILE LTDA.,,RM,,www.tigre-ads.com
TIGRE CHILE S.A.,,RM,,www.tigre.cl
TIMINING,,RM,,www.timining.com
TMD LTDA.,,RM,,www.tmd.cl
TNA ENGINEERING,,RM,,www.tna.global
TOC BIOMETRICS,,RM,,www.tocbiometrics.com
TOMTOM,,RM,,www.tomtom.com
TOP SEAL,,RM,,www.topsealchile.cl
TOPCON,,RM,,www.topcon.cl
TOPOINSTRUMENTOS,,RM,,www.topoinstrumentos.cl
TOPOX LTDA.,,RM,,www.topox.cl
TOPTENT,,RM,,www.toptent.cl
TOQUI LTDA.,,RM,,www.toqui.cl
TOSCANINI TELECOMUNICACIONES S.A.,,RM,,www.toscanini.cl
TOTALENERGIES,,RM,,www.totalenergies.cl
TOTALMATRIX E.I.R.L.,,RM,,www.totalmatrix.com
TOYOTA CHILE,,RM,,www.toyota.cl
TPI CHILE S.A.,,RM,,www.tpi.cl
TRACKTEC LTDA.,,RM,,www.tracktec.cl
TRADE & INVESTMENT QUEENSLAND,,RM,,www.tiq.qld.gov.au
TRADECOR S.A.,,RM,,www.tradecor.cl
TRAFIGURA (CHILE) LTDA.,,RM,,www.trafigura.com
TRAFO ENERGY S.A.,,RM,,www.trafoenergy.cl
TRAMETAL LTDA.,,RM,,www.trametal.cl
TRAMONTINA,,RM,,www.tramontinastore.com
TRANE DE CHILE S.A.,,RM,,www.trane.com
TRANEX LTDA.,,RM,,www.tranex.cl
TRANSELEC S.A.,,RM,,www.transelec.cl
TRANSFORMADORES CH S.A.,,RM,,www.transformadores.cl
TRANSFORMADORES MCD LTDA.,,RM,,www.transformadoresmcd.cl
TRANSFORMADORES MORA S.A.,,RM,,www.transformadoresmora.cl
TRANSFORMADORES REGGIO,,RM,,www.tranformadoresreggio.cl
TRANSMIN SOUTH AMERICA SPA,,RM,,www.transmin.com.au
TRANSPORTES CHARRIOT LTDA.,,RM,,www.charriot.cl
TRANSPORTES OCAÑA,,RM,,www.transportesocana.cl
TRANSPORTES SCHIAPPACASSE,,RM,,www.schiappacasse.cl
TRANSPORTES SOLUCION SPA,,RM,,www.radiotaxisolucion.cl
TRANSPORTES TAMARUGAL LTDA.,,RM,,www.tamarugal.cl
TRANSTECHNIQUE CHILE LTDA.,,RM,,www.transtechnique.cl
TRANSVIP,,RM,,www.transvip.cl
TRANSWORLD CHILE,,RM,,www.transworld.cl
TRECK S.A.,,RM,,www.treck.cl
TREFILACION CABAÑAS LTDA.,,RM,,www.trefilacion.cl
TREFIMET S.A.,,RM,,www.trefimet.cl
TREK RENTAL,,RM,,www.trekrental.cl
TRENT,,RM,,www.trent.cl
TRESSA,,RM,,www.tressa.cl
TREULEN Y CIA. LTDA.,,RM,,www.treulen.cl
TRICONOS MINEROS S.A.,,RM,,www.triconosmineros.cl
TRINA SOLAR CHILE,,RM,,www.trinasolar.com
TRIPLE C INTERNATIONAL SUPPLIERS,,RM,,www.triplecinternational.com
TRIPONTIS LTDA.,,RM,,www.tripontis.com
TRITEC-INTERVENTO SPA,,RM,,www.tritec-intervento.cl
TRULY NOLEN CHILE S.A.,,RM,,www.trulynolen.cl
TRUMATIC SPA,,RM,,www.trumatic.cl
TSCOM SPA,,RM,,www.tscom.cl
TSCORROSION,,RM,,www.tscorrosion.com
"TSE, SOLUCIONES ELECTRICAS",,RM,,www.tsespa.cl
TSG ENVIRONMENTAL,,RM,,www.tsgenvironmental.com
TTM CHILE,,RM,,www.web-ttm.com
TTR EL TOTORAL,,RM,,www.ttr.cl
TUBOLED SPA,,RM,,www.tuboled.cl
TURBODAL S.A.,,RM,,www.turbodal.cl
TURBOMAQUINAS,,RM,,www.turbomaquinas.cl
TUSAN,,RM,,www.tusan.cl
TZ MINING LTDA.,,RM,,www.tzmining.cl
UASVISION INGENIERIA,,RM,,www.uasvision.cl
UAV LATAM CHILE,,RM,,www.uavlatam.com
UAV SENSEFLY,,RM,,www.uavsensefly.cl
ULOG -ULTRAMAR LOGISTIC,,RM,,www.ulog.cl
ULTRASEAL,,RM,,www.ultraseal.com
UNEX,,RM,,www.unex.cl
UNI INTERNATIONAL,,RM,,www.uniinternational.com
UNICON CHILE,,RM,,www.uniconchile.cl
UNIMATIC S.A.,,RM,,www.unimatic.cl/unimatic/
UNION TECNICA AUTOMOTRIZ S.A.,,RM,,www.uniontecnica.cl
UNISAN,,RM,,www.unisan.cl
UNISPAN CHILE,,RM,,www.unispan.com
UNITEC CHILE LTDA.,,RM,,www.unitec.cl
UNITED SISTEMAS DE TUBERIAS LTDA.,,RM,,www.unitedchile.cl
UNTEC – FUNDACION PARA LA TRANSFERENCIA TECNOLOGICA,,RM,,www.untec.cl
UTC OVERSEAS S.A.,,RM,,www.utcoverseas.com
UYUSTOOLS CHILE,,RM,,www.uyustools.cl
V-MAX LATAM,,RM,,www.v-max.com
VAG CHILE,,RM,,www.vag-group.com
VAI GROUNDWATER SOLUTIONS,,RM,,www.vaigs.com
VALCON SPA,,RM,,www.valcon.cl
VALENCIA S.A.,,RM,,www.valenciasa.cl
VALOR ESTRATEGICO CONSULTORES E INVERSIONES LTDA.,,RM,,www.valorestrategico.cl
VALVULAS CHILE S.A.,,RM,,www.valvulaschile.cl
VASKO SPA,,RM,,www.vasko.cl
VEGA INDUSTRIES CHILE,,RM,,www.aiaengineering.com
VEGAMINING LTDA.,,RM,,www.vegamining.com
VELDEMAN CHILE SPA,,RM,,www.valdemangroup.com
VEMPTO SPA,,RM,,www.vempto.com
VENTEC,,RM,,www.ventec.cl
VERMEER CHILE SPA.,,RM,,www.vermeer.com
VERNE SPA,,RM,,www.verne.cl
VERSACHEM CHILE S.A.,,RM,,www.itwversachem.cl
VERSVAL,,RM,,www.versval.com
VERTICAL S.A.,,RM,,www.vertical.cl
VERTYCAL INDUSTRIAL TRADE,,RM,,www.vertycalindustrial.com
VESTAS CHILE,,RM,,www.vestas.com
VETO Y CIA. LTDA.,,RM,,www.veto.cl
VIAL EQUIPMENT CORP,,RM,,www.vialequipment.com
VIALCORP S.A.,,RM,,www.vialcorp.cl
VIAS SPA,,RM,,www.viasimportaciones.cl
VICSA SAFETY COMERCIAL LTDA.,,RM,,www.vicsa.cl
VICTORINOX ANDES S.A.,,RM,,www.victorinox.cl
VIDEOCORP,,RM,,www.videocorp.com
VIELCO,,RM,,www.vielco.cl
VIEW MINERAL LTDA.,,RM,,www.viewmineral.cl
VIGATEC S.A.,,RM,,www.vigatec.cl
VIGNOLA S.A.,,RM,,www.vignola.cl
VILLALBA ACEROS,,RM,,www.villalba.cl
VILLELA S.A.,,RM,,www.villela.cl
VILLNER LTDA.,,RM,,www.villner.cl
VIMA ELECTRONICA,,RM,,www.vimaelectronica.cl
VIRTA INC.,,RM,,www.virtainc.com
VIVIPRA,,RM,,www.vivipra.cl
VMV MAQUINARIA Y CIA. LTDA.,,RM,,www.vmvmaquinaria.cl
VOITH TURBO S.A.,,RM,,www.voith.com
VOLKSWAGEN CAMIONES Y BUSES,,RM,,www.camionesybusesvolkswagen.cl
VORWERK Y CIA. S.A.,,RM,,www.vorwerk.cl
VPS INTERNATIONAL LTDA.,,RM,,www.vpsinternational.cl
VSI LTDA.,,RM,,www.vsi.cl
VSL SISTEMAS ESPECIALES DE CONSTRUCCION S.A.,,RM,,www.vsl.cl
VYV-DSD,,RM,,www.vyv-dsd.cl
W. REICHMANN Y CIA. LTDA.,,RM,,www.wreichmann.cl
WABTEC,,RM,,www.wabtec.com
WALL CHASE,,RM,,www.wallchase.com
WATER & ENERGY SOLUTIONS,,RM,,www.weschile.com
WAYPOINT TELECOMUNICACIONES S.A.,,RM,,www.waypoint.cl
WDI ARTESANOS,,RM,,www.wdi.cl
WEIR MINERALS CHILE,,RM,,www.weirminerals.com
WELKO SPA,,RM,,www.welko.cl
WELLFIELD SERVICES LTDA.,,RM,,www.wellfieldservices.com
WISETRACK CORP,,RM,,www.wisetrackcorp.com
WORKMATE,,RM,,www.workmate.cl
WPD,,RM,,www.wpd.cl
WS DATA 3D,,RM,,www.wsdata3d.cl
WS INGENIERIA,,RM,,www.spintechnologies.cl
WSAM SPA,,RM,,www.wsam.cl
WSP CHILE,,RM,,www.wsp.com
WSP GOLDER – GOLDER S.A.,,RM,,www.golder.cl
"WVG, SOLUCIONES PARA LA GRAN MINERIA",,RM,,www.wvg.cl
X-ANALYTIC,,RM,,www.x-analytic.com
XEROX DE CHILE,,RM,,www.xerox.cl
XINERLINK,,RM,,www.xynerlink.cl
XTREME MINING,,RM,,www.xtrememining.cl
XYGO CHILE,,RM,,www.xygo.com
XYLEM WATER SOLUTIONS,,RM,,www.xylem.cl
YPF,,RM,,www.ypf.com
YUTONG CHILE SPA,,RM,,www.yutong.com
ZAMINE SERVICE CHILE SPA,,RM,,www.zamineservice.com
ZAÑARTU INGENIEROS CONSULTORES SPA,,RM,,www.zanartu.cl
ZEREGA Y CIA. LTDA.,,RM,,www.zerega.cl
ZIEBTEC LTDA.,,RM,,www.ziebtec.cl
ZIGMA,,RM,,www.zigma.cl
ZITRON CHILE SPA,,RM,,www.zitron.com
ZKTECO CHILE,,RM,,www.zkteco.cl
ZURICH CHILE / DEZURIK,,RM,,www.zurich-chile.cl
ZYGHT,,RM,,www.zyght.com
B-SOLUTIOMS SPA,,VI,,www.b-solutionschile.com
B-SOLUTIONS SPA,,VI,,www.b-solutionschile.com
BARTECH,,VI,,www.bartech.cl
BOVMETAL Y CIA. LTDA.,,VI,,www.bovmetal.cl
CHILESTEEL PROTECTIVE & COATINGS,,VI,,www.chilesteel.cl
CLONSA INGENIERIA LTDA.,,VI,,www.clonsaingenieria.cl
"CMSF, COMPAÑIA METALMECANICA SAN FRANCISCO",,VI,,www.cmsf.cl
ECOTERMICA LTDA.,,VI,,www.ecotermica.cl
ELECTROVAL LTDA.,,VI,,www.electroval.cl
EMPRESA MOL,,VI,,www.empresamol.cl
FAST RENTAL CHILE,,VI,,www.frchile.cl
FASTECH,,VI,,www.fastech.cl
FCAB,,VI,,www.fcab.cl
FUNDICION TALLERES LTDA,,VI,,www.me-elecmetal.com
GEOBARRA EXINS S.A.,,VI,,www.geobarra.cl
GEOMINTEC SPA,,VI,,www.geomintec.cl
GRUPO DE EMPRESAS ECSA,,VI,,www.grupoecsa.cl
HNV INGENIERIA SPA,,VI,,www.hnvingenieria.cl
INGENIERIA Y CONSTRUCCION FENIX LTDA.,,VI,,www.icfenix.cl
INSERO SPA,,VI,,www.inserolatam.com
INTERMODAL,,VI,,www.intermodal.cl
IRRITEC CHILE,,VI,,www.irritec.cl
METPLAS LTDA.,,VI,,www.metplas.cl
METRIKA LTDA.,,VI,,www.metrika.cl
MICROCONTROL CHILE S.A.,,VI,,www.microcontrol.cl
MONTAJES QUINTANA LTDA.,,VI,,www.montajesquintana.cl
MOVILOCKERS,,VI,,www.movilockers.cl
NOVAOTEC CAPACITACION EMPRESARIAL,,VI,,www.novaotec.cl
PALLETLAND,,VI,,www.palletland.cl
PCELECTRIC S.A.,,VI,,www.pcelectric.cl
RDTOOLS,,VI,,www.rdtools.cl
SAAM EXTRAPORTUARIOS,,VI,,www.aep.cl
SCHWAGER,,VI,,www.schwager-service.cl
SIDERVAL S.A.,,VI,,www.siderval.cl
TAGLITE SPA,,VI,,www.taglite.cl
TERMIA LTDA.,,VI,,www.termia.cl
TRANSPORTES ILZAUSPE,,VI,,www.ilzauspe.cl
TROMAX S.A.,,VI,,www.tromax.cl
ARBOL MINERO,,VII,,www.arbolminero.cl
AYAGON S.A.,,VII,,www.ayagon.cl
BOX SOLUTION,,VII,,www.boxsolution.cl
DANUS CONEXIONES LTDA.,,VII,,www.danus.cl
ELAN S.A.,,VII,,www.elan.cl
ELFLE COMERCIAL DOS LTDA.,,VII,,www.elfle.cl
EMERGAS LTDA,,VII,,www.emergas-ltda.cl
IMPOMAQ,,VII,,www.impomaq.cl
IMPOSUR SPA,,VII,,www.imposur.cl
LINDE HIGH LIFT CHILE S.A.,,VII,,www.linde-hl.cl
MASC INGENIEROS CONSULTORES,,VII,,www.mascingenieria.com
MJ-GERUST,,VII,,www.mj-andamios.com
PROAGRIND,,VII,,www.proagrind.cl
RIZZOLI STEFANO Y CIA. LTDA.,Zapatos seguridad,VII,,www.rizzoli.cl
SOPROIN LTDA.,,VII,,www.soproin.cl
TOP SHOE,,VII,,www.topshoe.cl
AKD INTERNATIONAL (CHILE) S.A.,,XVI,,www.akdint.com
ARCTIC DRILLING CO CHILE,,XVI,,www.adcltd.fi
CONSORCIO RIL-LIGHT S.A.,,XVI,,www.ril-light.cl
EVALC,,XVI,,www.evalc.cl
EXCEDINDUS LTDA.,,XVI,,www.riel.cl
GECAMIN LTDA.,,XVI,,www.gecamin.com
GEOAUSTRAL LTDA.,,XVI,,www.geoaustralchile.cl
GFS CHILE SPA,,XVI,,www.gfschile.com
H-E PARTS INTERNATIONAL,,XVI,,www.h-eparts.com
HIFIMA LTDA.,,XVI,,www.hifima.cl
ICSA INGENIEROS CONSULTORES S.A.,,XVI,,www.icsa.cl
INVENIO S.A.,,XVI,,www.invenio.cl
MATECO CHILE,,XVI,,www.mateco-chile.cl
MAX SERVICE S.A.,,XVI,,www.maxservice.cl
NEWTEC LTDA.,,XVI,,www.newtec.cl
PGIC S.A.,,XVI,,www.pgic.cl
POIROT S.A.,,XVI,,www.poirot.cl
POLYCOMPANY INTERNATIONAL GROUP S.A.,,XVI,,www.polycompany.com
SOINSA S.A.,,XVI,,www.soinsa.cl
TARSOLAR,,XVI,,www.tarsolar.cl
TECHCORP INDUSTRIAL Y COMERCIAL S.A.,,XVI,,www.techcorp.cl
TECMIFOR CHILE LTDA.,,XVI,,www.tecmifor.cl
TECNODATA LTDA.,,XVI,,www.tecnodata.cl
TRANSPORTES BELLO E HIJOS LTDA.,,XVI,,www.transportesbello.com
TRICOMIN S.A.,,XVI,,www.tricomin.cl
USIMECA CHILE,,XVI,,www.umcchile.cl
ABSG CONSULTING INC.,,VIII,,www.absconsulting.com
ANAMIN GROUP LTDA.,,VIII,,www.anamingroup.cl
ASTER CHILE LTDA.,,VIII,,www.asterchile.cl
AVA MONTAJES,,VIII,,www.ava.cl
AXTER COLETANCHE,,VIII,,www.coletanche.com
CHESTERTON INTERNATIONAL CHILE LTDA.,,VIII,,www.chesterton.com
CONSORCIO EOLICO,,VIII,,www.eolico.cl
CORENTAL SPA,,VIII,,www.corental.cl
DEXIMA S.A.,,VIII,,www.dexima.com
DIMET LTDA.,,VIII,,www.dimet.cl
ECSE CONSTRUCCIONES Y SERVICIOS LTDA.,,VIII,,www.ecse.cl
EDSE INGENIERIA Y SERVICIOS SPA,,VIII,,www.edse.cl
ELECTROMATICA LTDA.,,VIII,,www.electromatica.cl
EMPRESA ITC,,VIII,,www.empresaitc.cl
ENFRIMAR LTDA.,,VIII,,www.enfrimar.cl
FAMAC Y CIA. LTDA.,,VIII,,www.famac.cl
FISHTEC S.A.,,VIII,,www.fishtec.cl
FREEMAQ SPA,,VIII,,www.freemaq.cl
FUNDICION IMPERIAL,,VIII,,www.fundicionimperial.cl
GEOBRUGG,,VIII,,www.geobrugg.com
GEOPHYSICAL STUDIES,,VIII,,www.geophysicalstudies.cl
HIMINCO LTDA.,,VIII,,www.himinco.com
INCHALAM S.A.,,VIII,,www.inchalam.cl
INDUSTRIAL DE LIMACHE LTDA.,,VIII,,www.indeli.cl
INGENIERIA Y CONTROL DE MOVIMIENTO SPA,,VIII,,www.iycm.cl
INGESUM,,VIII,,www.ingesum.com
INTERMEC CHILE S.A.,,VIII,,www.intermec.cl
J + PLUS INNOVACION LTDA.,,VIII,,www.jplus.cl
JC INGENIERIA,,VIII,,www.jcingenieria.cl
KEFA EMPRESAS LTDA.,,VIII,,www.kefa.cl
LATTY CHILE SPA,,VIII,,www.latty.com
LOGISTICA Y TRANSPORTES SCHNEIDER SPA,,VIII,,www.logisticaschneider.cl
LYMFLEX LTDA.,,VIII,,www.lymflex.cl
MAD S.A.,,VIII,,www.madchile.cl
MERCURIO CONVEYOR BELT CHILE SPA,,VIII,,www.correiasmercurio.com.br
NOURYON CHEMICALS CHILE,,VIII,,www.nouryon.com
ONIX INGENIERIA,,VIII,,www.onix.cl
P & C TECNOLOGIA,,VIII,,www.pyctecnologia.cl
PATIÑO Y COMPAÑIA SPA,,VIII,,www.patinoycia.cl
POLIGOM LTDA.,,VIII,,www.poligom.cl
PRO AMBIENT S.A.,,VIII,,www.pro-ambient.com
PROCESS & FLUIDS TECHNOLOGY SPA,,VIII,,www.pftech.cl
PROFAN,,VIII,,www.profan.cl
REYHER LTDA.,,VIII,,www.reyher.cl
RIVEROS Y PAVEZ LTDA.,,VIII,,www.rivpa.cl
SDI INGENIERIA,,VIII,,www.sdi-ingenieria.cl
SEACOM LTDA.,,VIII,,www.seacom.cl
SEIS S.A.,,VIII,,www.seissa.cl
SERMYJOR LTDA.,,VIII,,www.sermyjor.cl
SERVICOMP SPA,,VIII,,www.servicomp.cl
SERVISOLD MAQUINARIAS LTDA.,,VIII,,www.servisold.cl
SIMANTEC S.A.,,VIII,,www.simantec.cl
TAKRAF CHILE SPA,,VIII,,www.tapel.cl
TDP TRATAMIENTOS ANTIDESLIZANTES,,VIII,,www.tdp.cl
TECNOIN LTDA.,,VIII,,www.tecnoin.cl
TURBOMECANICA LTDA.,,VIII,,www.turbomecanica.cl
XCJC,,VIII,,www.jcxc.cl
CENTRO HIDRAULICO S.A.,,IX,,www.centrohidraulico.cl
CLEAN LIGHT,,IX,,www.cleanlight.cl
CYTIES INVESTIGACION Y DESARROLLO,,IX,,www.cyties.cl
G Y M MAQUINAS INDUSTRIALES LTDA.,,IX,,www.maquinasindustriales.cl
IMEGA VENTUS SPA,,IX,,www.imega.cl
INGAL INGENIERIA LTDA.,,IX,,www.ingal.cl
LUIS SAN MARTIN INGENIEROS SPA,,IX,,www.smi-chile.cl
NICAN E.I.R.L,,IX,,www.nican.cl
RELIX WATER,,IX,,www.relixwater.com
SAGITA,,IX,,www.sagita.cl
SERVIREP,,IX,,www.comercialservirep.com
SITROL,,IX,,www.sitrol.cl
SODEL CHILE S.A.,,IX,,www.sodel.com
TCA SOLUCIONES CON FIBRA OPTICA,,IX,,www.tca.cl
TEGA INDUSTRIES CHILE SPA,,IX,,www.tegaindustries.com
VALTEC LTDA.,,IX,,www.valtecgroup.cl
VIGAFLOW,,IX,,www.vigaflow.com
ACEROS AZA S.A.,,XIV,,www.aza.cl
BANNISTER Y CIA. LTDA.,,XIV,,www.bannister.cl
CONSTRUCTORA RGS Y CIA. LTDA.,,XIV,,www.rados.cl
DINATEX LTDA.,,XIV,,www.dinatex.cl
IM SERVICE LTDA.,,XIV,,www.imservice.cl
INTEXA INGENIERIA,,XIV,,www.grupointexa.cl
ITASCA S.A.,,XIV,,www.itasca.cl
KORCO S.A.C.I.,,XIV,,www.korcosaci.cl
MEDITERRANEA,,XIV,,www.mediterranea-group.cl
MOLYCOP,,XIV,,www.molycop.com
RTI SPA,,XIV,,www.rti-la.com
S & A CONSULTORES ASOCIADOS CHILE S.A.,,XIV,,www.syachile.cl
SAAM S.A.,,XIV,,www.saam.cl
SUATRANS CHILE S.A.,,XIV,,www.suatrans.cl
TE CONNECTIVITY CHILE LTDA.,,XIV,,www.te.com
TEKMAIN LTDA.,,XIV,,www.tekmain.cl
TRACTOS,,XIV,,www.tractos.cl
TRANSUPPORT ERGONOMIA EN SALUD OCUPACIONAL,,XIV,,www.transupport.cl
ULTRAPORT LTDA.,,XIV,,www.ultraport.cl
ABASTERM S.A.,,X,,www.abasterm.cl
ARRISERVICE,,X,,www.arriservice.cl
COMERCIAL LIBRA LTDA.,,X,,www.comerciallibra.cl
CORESCAN,,X,,www.corescan.cl
DERIO,,X,,www.derio.cl
EAGLEBURGMANN,,X,,www.eagleburgmann.com/de
ELECTRICIDAD GUZMAN S.A.,,X,,www.guzman.cl
EVEMAR LTDA.,,X,,www.evemar.cl
FERROCOR,,X,,www.ferrocor.cl
FITFLOW,,X,,www.fitflow.com
INNOVEX SPA,,X,,www.innovexmineria.cl
KEEPEX,,X,,www.kpx.cl
MASTER BUILDERS SOLUTIONS CHILE,,X,,www.master-builders-solutions.com
PERFOMAQ,,X,,www.perfomaq.cl
S&P CHILE SPA,,X,,www.solerpalau.com
TECNOTAMBORES S.A.,,X,,www.tecnotambores.cl
TEGNONAVAL,,X,,www.tegnonaval.cl
TROTTER INDUSTRIAL,,X,,www.trotterindustrial.com
ALL MACHINE LTDA.,,XI,,www.allmachine.cl
BULKIN TECH SPA,,XI,,www.morim.tech
CONSTRUCTORA LANCUYEN LTDA.,,XI,,www.lancuyen.cl
CORPAL LTDA.,,XI,,www.corpal.cl
CUARTA REVOLUCION,,XI,,www.cuartarevolucion.tech
EVERIS CHILE S.A.,,XI,,www.everis.com
FERRETERIA O’HIGGINS,,XI,,www.villar.cl
FOSFOQUIM S.A.,,XI,,www.fosfoquim.cl
"IST, INSTITUTO DE SEGURIDAD DEL TRABAJO",,XI,,www.ist.cl
JOMIAL LTDA.,,XI,,www.jomial1.cl
KOSLAN INDUSTRIAL / FLOWMAK,,XI,,www.koslan.cl
KOSLAN LTDA.,,XI,,www.koslan.cl
LEVTEC CHILE LTDA.,,XI,,www.levtec.cl
MUTUAL DE SEGURIDAD C.CH.C.,,XI,,www.mutual.cl
OFFERMANNS FLOOD S.A.,,XI,,www.flood.cl
OFICCE TIME,,XI,,www.oficcetime.cl
QUALITY AND SERVICES LTDA.,,XI,,www.qys.cl
SANDE S.A.,,XI,,www.sande.cl
SERVICIO AEROFOTOGRAMETRICO SAF,,XI,,www.saf.cl
SIERRA Y MONTES,,XI,,www.sierraymontes.cl
TRANSAGRO S.A.,,XI,,www.transagro.cl
TUBEXA INDUSTRIAL LTDA.,,XI,,www.tubexa.cl
DP CHILE INDUSTRIAL,,XII,,www.dpchileindustrial.cl
GOREN LTDA.,,XII,,www.goren.cl
MTEC,,XII,,www.mtec.cl
